"STATION","DATE","LATITUDE","LONGITUDE","ELEVATION","NAME","PRCP","PRCP_ATTRIBUTES","SNOW","SNOW_ATTRIBUTES","SNWD","SNWD_ATTRIBUTES","TMAX","TMAX_ATTRIBUTES","TMIN","TMIN_ATTRIBUTES","DAPR","DAPR_ATTRIBUTES","MDPR","MDPR_ATTRIBUTES","TOBS","TOBS_ATTRIBUTES","WT03","WT03_ATTRIBUTES","WT05","WT05_ATTRIBUTES"
"USC00427927","1977-06-01","40.58333","-111.66667","2471.0","SNOWBIRD, UT US","    0",",,0,","    0",",,0","    0",",,0",,,,,,,,,,,,,,
"USC00427927","1977-06-02","40.58333","-111.66667","2471.0","SNOWBIRD, UT US","    0",",,0,1800","    0",",,0","    0",",,0","  222",",,0",,,,,,,"  211",",,0,1800",,,,
"USC00427927","1977-06-03","40.58333","-111.66667","2471.0","SNOWBIRD, UT US","    0",",,0,1800","    0",",,0","    0",",,0","  278",",,0",,,,,,,"  222",",,0,1800",,,,
"USC00427927","1977-06-04","40.58333","-111.66667","2471.0","SNOWBIRD, UT US","    0",",,0,1800","    0",",,0","    0",",,0","  256",",,0",,,,,,,"  228",",,0,1800",,,,
"USC00427927","1977-06-05","40.58333","-111.66667","2471.0","SNOWBIRD, UT US","    0",",,0,1800","    0",",,0","    0",",,0","  272",",,0",,,,,,,"  189",",,0,1800",,,,
"USC00427927","1977-06-06","40.58333","-111.66667","2471.0","SNOWBIRD, UT US","    5",",,0,1800","    0",",,0","    0",",,0","  267",",,0",,,,,,,"  222",",,0,1800",,,"    1",",,0"
"USC00427927","1977-06-07","40.58333","-111.66667","2471.0","SNOWBIRD, UT US","    0",",,0,1800","    0",",,0","    0",",,0","  278",",,0",,,,,,,"  217",",,0,1800",,,,
"USC00427927","1977-06-08","40.58333","-111.66667","2471.0","SNOWBIRD, UT US","    0",",,0,1800","    0",",,0","    0",",,0","  222",",,0",,,,,,,"  172",",,0,1800",,,,
"USC00427927","1977-06-09","40.58333","-111.66667","2471.0","SNOWBIRD, UT US","    0",",,0,1800","    0",",,0","    0",",,0","  211",",,0",,,,,,,"  183",",,0,1800",,,,
"USC00427927","1977-06-10","40.58333","-111.66667","2471.0","SNOWBIRD, UT US","    0",",,0,1800","    0",",,0","    0",",,0","  256",",,0",,,,,,,"  194",",,0,1800",,,,
"USC00427927","1977-06-11","40.58333","-111.66667","2471.0","SNOWBIRD, UT US","    0",",,0,1800","    0",",,0","    0",",,0","  272",",,0",,,,,,,"  211",",,0,1800",,,,
"USC00427927","1977-06-12","40.58333","-111.66667","2471.0","SNOWBIRD, UT US","    0",",,0,1800","    0",",,0","    0",",,0","  244",",,0",,,,,,,"  222",",,0,1800",,,,
"USC00427927","1977-06-13","40.58333","-111.66667","2471.0","SNOWBIRD, UT US","    0",",,0,1800","    0",",,0","    0",",,0",,,,,,,,,,,,,,
"USC00427927","1977-06-14","40.58333","-111.66667","2471.0","SNOWBIRD, UT US","    0",",,0,1800","    0",",,0","    0",",,0",,,,,,,,,,,,,,
"USC00427927","1977-06-15","40.58333","-111.66667","2471.0","SNOWBIRD, UT US","    0",",,0,1800","    0",",,0","    0",",,0",,,,,,,,,,,,,,
"USC00427927","1977-06-16","40.58333","-111.66667","2471.0","SNOWBIRD, UT US","    0",",,0,1800","    0",",,0","    0",",,0","  256",",,0",,,,,,,"  217",",,0,1800",,,,
"USC00427927","1977-06-17","40.58333","-111.66667","2471.0","SNOWBIRD, UT US","    0",",,0,1800","    0",",,0","    0",",,0","  278",",,0",,,,,,,"  239",",,0,1800",,,,
"USC00427927","1977-06-18","40.58333","-111.66667","2471.0","SNOWBIRD, UT US","    0",",,0,1800","    0",",,0","    0",",,0","  267",",,0",,,,,,,"  256",",,0,1800",,,,
"USC00427927","1977-06-19","40.58333","-111.66667","2471.0","SNOWBIRD, UT US","    0",",,0,1800","    0",",,0","    0",",,0","  256",",,0",,,,,,,"  161",",,0,1800",,,,
"USC00427927","1977-06-20","40.58333","-111.66667","2471.0","SNOWBIRD, UT US","    0",",,0,1800","    0",",,0","    0",",,0","  239",",,0",,,,,,,"  167",",,0,1800",,,,
"USC00427927","1977-06-21","40.58333","-111.66667","2471.0","SNOWBIRD, UT US","    0",",,0,1800","    0",",,0","    0",",,0","  306",",,0",,,,,,,"  167",",,0,1800",,,,
"USC00427927","1977-06-22","40.58333","-111.66667","2471.0","SNOWBIRD, UT US","    0",",,0,1800","    0",",,0","    0",",,0","  222",",,0",,,,,,,"  200",",,0,1800",,,,
"USC00427927","1977-06-23","40.58333","-111.66667","2471.0","SNOWBIRD, UT US","    0",",,0,1800","    0",",,0","    0",",,0","  200",",,0",,,,,,,"  167",",,0,1800",,,,
"USC00427927","1977-06-24","40.58333","-111.66667","2471.0","SNOWBIRD, UT US","    0",",,0,1800","    0",",,0","    0",",,0","  211",",,0",,,,,,,"  172",",,0,1800",,,,
"USC00427927","1977-06-25","40.58333","-111.66667","2471.0","SNOWBIRD, UT US","    0",",,0,1800","    0",",,0","    0",",,0","  256",",,0",,,,,,,"  228",",,0,1800",,,,
"USC00427927","1977-06-26","40.58333","-111.66667","2471.0","SNOWBIRD, UT US","    0",",,0,1800","    0",",,0","    0",",,0","  283",",,0",,,,,,,"  233",",,0,1800",,,,
"USC00427927","1977-06-27","40.58333","-111.66667","2471.0","SNOWBIRD, UT US","    0",",,0,1800","    0",",,0","    0",",,0","  311",",,0",,,,,,,"  244",",,0,1800",,,,
"USC00427927","1977-06-28","40.58333","-111.66667","2471.0","SNOWBIRD, UT US","    0",",,0,1800","    0",",,0","    0",",,0","  244",",,0",,,,,,,"  244",",,0,1800",,,,
"USC00427927","1977-06-29","40.58333","-111.66667","2471.0","SNOWBIRD, UT US","    0",",,0,1800","    0",",,0","    0",",,0","  244",",,0",,,,,,,"  233",",,0,1800",,,,
"USC00427927","1977-06-30","40.58333","-111.66667","2471.0","SNOWBIRD, UT US","    0",",,0,1800","    0",",,0","    0",",,0","  233",",,0",,,,,,,"  211",",,0,1800",,,,
"USC00427927","1977-07-01","40.58333","-111.66667","2471.0","SNOWBIRD, UT US",,,"    0",",,0","    0",",,0","  278",",,0",,,,,,,"  111",",,0,1800",,,,
"USC00427927","1977-07-02","40.58333","-111.66667","2471.0","SNOWBIRD, UT US",,,"    0",",,0","    0",",,0","  200",",,0","   89",",,0",,,,,"  122",",,0,1800",,,,
"USC00427927","1977-07-03","40.58333","-111.66667","2471.0","SNOWBIRD, UT US",,,"    0",",,0","    0",",,0","  222",",,0","  111",",,0",,,,,"  178",",,0,1800",,,,
"USC00427927","1977-07-04","40.58333","-111.66667","2471.0","SNOWBIRD, UT US",,,"    0",",,0","    0",",,0",,,,,,,,,,,,,,
"USC00427927","1977-07-05","40.58333","-111.66667","2471.0","SNOWBIRD, UT US",,,"    0",",,0","    0",",,0",,,"   33",",,0",,,,,"  206",",,0,1800",,,,
"USC00427927","1977-07-06","40.58333","-111.66667","2471.0","SNOWBIRD, UT US","    0",",,0,1800","    0",",,0","    0",",,0",,,"   33",",,0",,,,,"  206",",,0,1800",,,,
"USC00427927","1977-07-07","40.58333","-111.66667","2471.0","SNOWBIRD, UT US","    0",",,0,1800","    0",",,0","    0",",,0","  306",",,0","  122",",,0",,,,,"  222",",,0,1800",,,,
"USC00427927","1977-07-08","40.58333","-111.66667","2471.0","SNOWBIRD, UT US","    0",",,0,1800","    0",",,0","    0",",,0","  278",",,0","   56",",,0",,,,,"  200",",,0,1800",,,,
"USC00427927","1977-07-09","40.58333","-111.66667","2471.0","SNOWBIRD, UT US","    0",",,0,1800","    0",",,0","    0",",,0","  294",",,0","   83",",,0",,,,,"  211",",,0,1800",,,,
"USC00427927","1977-07-10","40.58333","-111.66667","2471.0","SNOWBIRD, UT US","    0",",,0,1800","    0",",,0","    0",",,0","  267",",,0","   72",",,0",,,,,"  206",",,0,1800",,,,
"USC00427927","1977-07-11","40.58333","-111.66667","2471.0","SNOWBIRD, UT US","    0",",,0,1800","    0",",,0","    0",",,0","  256",",,0","   89",",,0",,,,,"  222",",,0,1800",,,,
"USC00427927","1977-07-12","40.58333","-111.66667","2471.0","SNOWBIRD, UT US","    0",",,0,1800","    0",",,0","    0",",,0","  244",",,0","  106",",,0",,,,,"  239",",,0,1800",,,,
"USC00427927","1977-07-13","40.58333","-111.66667","2471.0","SNOWBIRD, UT US","    0",",,0,1800","    0",",,0","    0",",,0","  256",",,0","  122",",,0",,,,,"  233",",,0,1800",,,,
"USC00427927","1977-07-14","40.58333","-111.66667","2471.0","SNOWBIRD, UT US","    0",",,0,1800","    0",",,0","    0",",,0","  256",",,0","  106",",,0",,,,,"  250",",,0,1800",,,,
"USC00427927","1977-07-15","40.58333","-111.66667","2471.0","SNOWBIRD, UT US","    0",",,0,1800","    0",",,0","    0",",,0","  278",",,0","   28",",,0",,,,,"  256",",,0,1800",,,,
"USC00427927","1977-07-16","40.58333","-111.66667","2471.0","SNOWBIRD, UT US","    0",",,0,1800","    0",",,0","    0",",,0",,,,,,,,,,,,,,
"USC00427927","1977-07-17","40.58333","-111.66667","2471.0","SNOWBIRD, UT US","    0",",,0,1800","    0",",,0","    0",",,0",,,,,,,,,,,,,,
"USC00427927","1977-07-18","40.58333","-111.66667","2471.0","SNOWBIRD, UT US",,,"    0",",,0","    0",",,0","  322",",,0","   67",",,0",,,,,"  261",",,0,1800",,,,
"USC00427927","1977-07-19","40.58333","-111.66667","2471.0","SNOWBIRD, UT US",,,"    0",",,0","    0",",,0","  283",",,0","  117",",,0",,,,,"  167",",,0,1800",,,,
"USC00427927","1977-07-20","40.58333","-111.66667","2471.0","SNOWBIRD, UT US",,,"    0",",,0","    0",",,0","  239",",,0","  111",",,0",,,,,"  206",",,0,1800",,,,
"USC00427927","1977-07-21","40.58333","-111.66667","2471.0","SNOWBIRD, UT US",,,"    0",",,0","    0",",,0","  239",",,0","  122",",,0",,,,,"  233",",,0,1800",,,,
"USC00427927","1977-07-22","40.58333","-111.66667","2471.0","SNOWBIRD, UT US","   20",",,0,1800","    0",",,0","    0",",,0","  233",",,0",,,,,,,"  183",",,0,1800",,,,
"USC00427927","1977-07-23","40.58333","-111.66667","2471.0","SNOWBIRD, UT US",,,"    0",",,0","    0",",,0","  211",",,0",,,,,,,"  172",",,0,1800",,,,
"USC00427927","1977-07-24","40.58333","-111.66667","2471.0","SNOWBIRD, UT US",,,"    0",",,0","    0",",,0",,,,,,,,,,,,,,
"USC00427927","1977-07-25","40.58333","-111.66667","2471.0","SNOWBIRD, UT US",,,"    0",",,0","    0",",,0",,,,,,,,,,,,,,
"USC00427927","1977-07-26","40.58333","-111.66667","2471.0","SNOWBIRD, UT US","    0",",,0,1800","    0",",,0","    0",",,0","  256",",,0",,,,,,,"  228",",,0,1800",,,,
"USC00427927","1977-07-27","40.58333","-111.66667","2471.0","SNOWBIRD, UT US","    0",",,0,1800","    0",",,0","    0",",,0",,,"   50",",,0",,,,,"  222",",,0,1800",,,,
"USC00427927","1977-07-28","40.58333","-111.66667","2471.0","SNOWBIRD, UT US","    0",",,0,1800","    0",",,0","    0",",,0",,,,,,,,,,,,,,
"USC00427927","1977-07-29","40.58333","-111.66667","2471.0","SNOWBIRD, UT US","    0",",,0,1800","    0",",,0","    0",",,0",,,,,,,,,,,,,,
"USC00427927","1977-07-30","40.58333","-111.66667","2471.0","SNOWBIRD, UT US","    0",",,0,1800","    0",",,0","    0",",,0",,,,,,,,,,,,,,
"USC00427927","1977-07-31","40.58333","-111.66667","2471.0","SNOWBIRD, UT US","    0",",,0,1800","    0",",,0","    0",",,0",,,,,,,,,,,,,,
"USC00427927","1977-08-01","40.58333","-111.66667","2471.0","SNOWBIRD, UT US",,,"    0",",,0","    0",",,0","  306",",,0","    6",",,0",,,,,"  261",",,0,1800",,,,
"USC00427927","1977-08-02","40.58333","-111.66667","2471.0","SNOWBIRD, UT US",,,"    0",",,0","    0",",,0","  294",",,0","   39",",,0",,,,,,,,,,
"USC00427927","1977-08-03","40.58333","-111.66667","2471.0","SNOWBIRD, UT US",,,"    0",",,0","    0",",,0","  300",",,0","   17",",,0",,,,,"  239",",,0,1800",,,,
"USC00427927","1977-08-04","40.58333","-111.66667","2471.0","SNOWBIRD, UT US",,,"    0",",,0","    0",",,0","  272",",,0","   22",",,0",,,,,"  228",",,0,1800",,,,
"USC00427927","1977-08-05","40.58333","-111.66667","2471.0","SNOWBIRD, UT US",,,"    0",",,0","    0",",,0","  267",",,0","  111",",,0",,,,,"  217",",,0,1800",,,,
"USC00427927","1977-08-06","40.58333","-111.66667","2471.0","SNOWBIRD, UT US",,,"    0",",,0","    0",",,0","  261",",,0","  100",",,0",,,,,"  250",",,0,1800",,,,
"USC00427927","1977-08-07","40.58333","-111.66667","2471.0","SNOWBIRD, UT US",,,"    0",",,0","    0",",,0",,,,,,,,,,,,,,
"USC00427927","1977-08-08","40.58333","-111.66667","2471.0","SNOWBIRD, UT US",,,"    0",",,0","    0",",,0","  256",",,0",,,,,,,"  233",",,0,1800",,,,
"USC00427927","1977-08-09","40.58333","-111.66667","2471.0","SNOWBIRD, UT US",,,"    0",",,0","    0",",,0","  239",",,0","  117",",,0",,,,,"  239",",,0,1800",,,,
"USC00427927","1977-08-10","40.58333","-111.66667","2471.0","SNOWBIRD, UT US",,,"    0",",,0","    0",",,0","  256",",,0","  117",",,0",,,,,"  233",",,0,1800",,,,
"USC00427927","1977-08-11","40.58333","-111.66667","2471.0","SNOWBIRD, UT US",,,"    0",",,0","    0",",,0","  267",",,0","  111",",,0",,,,,"  228",",,0,1800",,,,
"USC00427927","1977-08-12","40.58333","-111.66667","2471.0","SNOWBIRD, UT US",,,"    0",",,0","    0",",,0","  261",",,0","  100",",,0",,,,,"  239",",,0,1800",,,,
"USC00427927","1977-08-13","40.58333","-111.66667","2471.0","SNOWBIRD, UT US",,,"    0",",,0","    0",",,0","  244",",,0","   89",",,0",,,,,"  222",",,0,1800",,,,
"USC00427927","1977-08-14","40.58333","-111.66667","2471.0","SNOWBIRD, UT US",,,"    0",",,0","    0",",,0","  233",",,0","  100",",,0",,,,,"  211",",I,0,1800",,,,
"USC00427927","1977-08-15","40.58333","-111.66667","2471.0","SNOWBIRD, UT US",,,"    0",",,0","    0",",,0","  200",",I,0","  133",",,0",,,,,"  178",",,0,1800",,,,
"USC00427927","1977-08-16","40.58333","-111.66667","2471.0","SNOWBIRD, UT US",,,"    0",",,0","    0",",,0","  178",",,0","  122",",,0",,,,,"  161",",,0,1800",,,,
"USC00427927","1977-08-17","40.58333","-111.66667","2471.0","SNOWBIRD, UT US",,,"    0",",,0","    0",",,0","  256",",,0","  122",",,0",,,,,"  233",",,0,1800",,,,
"USC00427927","1977-08-18","40.58333","-111.66667","2471.0","SNOWBIRD, UT US",,,"    0",",,0","    0",",,0","  233",",,0","  133",",,0",,,,,"  172",",,0,1800",,,,
"USC00427927","1977-08-19","40.58333","-111.66667","2471.0","SNOWBIRD, UT US",,,"    0",",,0","    0",",,0","  228",",,0","  128",",,0",,,,,"  222",",,0,1800",,,,
"USC00427927","1977-08-20","40.58333","-111.66667","2471.0","SNOWBIRD, UT US",,,"    0",",,0","    0",",,0","  233",",,0","  117",",,0",,,,,"  200",",,0,1800",,,,
"USC00427927","1977-08-21","40.58333","-111.66667","2471.0","SNOWBIRD, UT US",,,"    0",",,0","    0",",,0","  222",",,0","  106",",,0",,,,,"  206",",,0,1800",,,,
"USC00427927","1977-08-22","40.58333","-111.66667","2471.0","SNOWBIRD, UT US",,,"    0",",,0","    0",",,0","  239",",,0","  106",",,0",,,,,"  233",",,0,1800",,,,
"USC00427927","1977-08-23","40.58333","-111.66667","2471.0","SNOWBIRD, UT US",,,"    0",",,0","    0",",,0","  250",",,0","  111",",,0",,,,,"  228",",,0,1800",,,,
"USC00427927","1977-08-24","40.58333","-111.66667","2471.0","SNOWBIRD, UT US",,,"    0",",,0","    0",",,0","  228",",,0","   89",",,0",,,,,"  156",",,0,1800",,,,
"USC00427927","1977-08-25","40.58333","-111.66667","2471.0","SNOWBIRD, UT US",,,"    0",",,0","    0",",,0","  206",",,0","  106",",,0",,,,,"  194",",,0,1800",,,,
"USC00427927","1977-08-26","40.58333","-111.66667","2471.0","SNOWBIRD, UT US",,,"    0",",,0","    0",",,0","  194",",,0","   50",",,0",,,,,"   72",",,0,1800",,,,
"USC00427927","1977-08-27","40.58333","-111.66667","2471.0","SNOWBIRD, UT US",,,"    0",",,0","    0",",,0","  183",",,0","   78",",,0",,,,,"  167",",,0,1800",,,,
"USC00427927","1977-08-28","40.58333","-111.66667","2471.0","SNOWBIRD, UT US",,,"    0",",,0","    0",",,0","  206",",,0","  100",",,0",,,,,"  189",",,0,1800",,,,
"USC00427927","1977-08-29","40.58333","-111.66667","2471.0","SNOWBIRD, UT US",,,"    0",",,0","    0",",,0","  200",",,0","   72",",,0",,,,,"  183",",,0,1800",,,,
"USC00427927","1977-08-30","40.58333","-111.66667","2471.0","SNOWBIRD, UT US",,,"    0",",,0","    0",",,0","  200",",,0","   11",",,0",,,,,"  194",",,0,1800",,,,
"USC00427927","1977-08-31","40.58333","-111.66667","2471.0","SNOWBIRD, UT US",,,"    0",",,0","    0",",,0","  194",",,0","   39",",,0",,,,,"  189",",,0,1800",,,,
"USC00427927","1977-09-01","40.58333","-111.66667","2471.0","SNOWBIRD, UT US",,,,,,,"  211",",,0","   61",",,0",,,,,"  206",",,0,1800",,,,
"USC00427927","1977-09-08","40.58333","-111.66667","2471.0","SNOWBIRD, UT US",,,,,,,"  272",",,0","  117",",,0",,,,,"  178",",,0,1800",,,,
"USC00427927","1977-09-09","40.58333","-111.66667","2471.0","SNOWBIRD, UT US",,,,,,,"  239",",,0","   94",",,0",,,,,"  200",",,0,1800",,,,
"USC00427927","1977-09-10","40.58333","-111.66667","2471.0","SNOWBIRD, UT US",,,,,,,"  222",",,0","   83",",,0",,,,,"  167",",,0,1800",,,,
"USC00427927","1977-09-11","40.58333","-111.66667","2471.0","SNOWBIRD, UT US",,,,,,,"  244",",,0","  100",",,0",,,,,"  189",",,0,1800",,,,
"USC00427927","1977-09-12","40.58333","-111.66667","2471.0","SNOWBIRD, UT US",,,,,,,"  233",",,0","   94",",,0",,,,,"  150",",,0,1800",,,,
"USC00427927","1977-09-13","40.58333","-111.66667","2471.0","SNOWBIRD, UT US",,,,,,,"  189",",,0","   50",",,0",,,,,"  178",",,0,1800",,,,
"USC00427927","1977-09-14","40.58333","-111.66667","2471.0","SNOWBIRD, UT US",,,,,,,"  183",",,0","   44",",,0",,,,,"  161",",,0,1800",,,,
"USC00427927","1977-09-15","40.58333","-111.66667","2471.0","SNOWBIRD, UT US",,,,,,,"  178",",,0","   61",",,0",,,,,"  150",",,0,1800",,,,
"USC00427927","1977-09-16","40.58333","-111.66667","2471.0","SNOWBIRD, UT US",,,,,,,"  183",",,0","   50",",,0",,,,,"  139",",,0,1800",,,,
"USC00427927","1977-09-17","40.58333","-111.66667","2471.0","SNOWBIRD, UT US",,,,,,,"  156",",,0","   33",",,0",,,,,"  128",",,0,1800",,,,
"USC00427927","1977-09-24","40.58333","-111.66667","2471.0","SNOWBIRD, UT US",,,,,,,"  111",",,0","  -11",",,0",,,,,"   89",",,0,1800",,,,
"USC00427927","1977-09-25","40.58333","-111.66667","2471.0","SNOWBIRD, UT US",,,,,,,"  100",",,0","    0",",,0",,,,,"   94",",,0,1800",,,,
"USC00427927","1977-09-26","40.58333","-111.66667","2471.0","SNOWBIRD, UT US",,,,,,,"  183",",,0","   72",",,0",,,,,"  161",",,0,1800",,,,
"USC00427927","1977-09-27","40.58333","-111.66667","2471.0","SNOWBIRD, UT US",,,,,,,"  178",",,0","   89",",,0",,,,,"  150",",,0,1800",,,,
"USC00427927","1977-09-28","40.58333","-111.66667","2471.0","SNOWBIRD, UT US",,,,,,,"  172",",,0","   78",",,0",,,,,"  139",",,0,1800",,,,
"USC00427927","1977-09-29","40.58333","-111.66667","2471.0","SNOWBIRD, UT US",,,,,,,"  183",",,0","   89",",,0",,,,,"  150",",,0,1800",,,,
"USC00427927","1977-09-30","40.58333","-111.66667","2471.0","SNOWBIRD, UT US",,,,,,,"  161",",,0","  -17",",,0",,,,,"  150",",,0,1800",,,,
"USC00427927","1977-10-01","40.58333","-111.66667","2471.0","SNOWBIRD, UT US","    0",",,0,1800","    0",",,0","    0",",,0","  244",",,0","   56",",,0",,,,,"  200",",,0,1800",,,,
"USC00427927","1977-10-02","40.58333","-111.66667","2471.0","SNOWBIRD, UT US","    0",",,0,1800","    0",",,0","    0",",,0","  256",",,0","   56",",,0",,,,,"  194",",,0,1800",,,,
"USC00427927","1977-10-03","40.58333","-111.66667","2471.0","SNOWBIRD, UT US","    0",",,0,1800","    0",",,0","    0",",,0","  261",",,0","   67",",,0",,,,,"  167",",,0,1800",,,,
"USC00427927","1977-10-04","40.58333","-111.66667","2471.0","SNOWBIRD, UT US","    0",",,0,1800","    0",",,0","    0",",,0","  172",",,0","   39",",,0",,,,,"  150",",,0,1800",,,,
"USC00427927","1977-10-05","40.58333","-111.66667","2471.0","SNOWBIRD, UT US","    0",",,0,1800","    0",",,0","    0",",,0","  150",",,0","   56",",,0",,,,,"  128",",,0,1800",,,,
"USC00427927","1977-10-06","40.58333","-111.66667","2471.0","SNOWBIRD, UT US","    0",",,0,1800","    0",",,0","    0",",,0","  128",",,0","   33",",,0",,,,,"   89",",,0,1800",,,,
"USC00427927","1977-10-07","40.58333","-111.66667","2471.0","SNOWBIRD, UT US","    0",",,0,1800","    0",",,0","    0",",,0","  144",",,0","    0",",,0",,,,,"   56",",,0,1800",,,,
"USC00427927","1977-10-08","40.58333","-111.66667","2471.0","SNOWBIRD, UT US","    0",",,0,1800","    0",",,0","    0",",,0","  133",",,0","  -11",",,0",,,,,"   44",",,0,1800",,,,
"USC00427927","1977-10-09","40.58333","-111.66667","2471.0","SNOWBIRD, UT US","    0",",,0,1800","    0",",,0","    0",",,0","  128",",,0","   -6",",,0",,,,,"   39",",,0,1800",,,,
"USC00427927","1977-10-10","40.58333","-111.66667","2471.0","SNOWBIRD, UT US","    0",",,0,1800","    0",",,0","    0",",,0","  139",",,0","  -17",",,0",,,,,"   39",",,0,1800",,,,
"USC00427927","1977-10-11","40.58333","-111.66667","2471.0","SNOWBIRD, UT US","    0",",,0,1800","    0",",,0","    0",",,0","   72",",,0","  -44",",,0",,,,,"   61",",,0,1800",,,,
"USC00427927","1977-10-12","40.58333","-111.66667","2471.0","SNOWBIRD, UT US","    0",",,0,1800","    0",",,0","    0",",,0","  106",",,0","  -11",",,0",,,,,"   94",",,0,1800",,,,
"USC00427927","1977-10-13","40.58333","-111.66667","2471.0","SNOWBIRD, UT US","    0",",,0,1800","    0",",,0","    0",",,0","  144",",,0","   17",",,0",,,,,"  106",",,0,1800",,,,
"USC00427927","1977-10-14","40.58333","-111.66667","2471.0","SNOWBIRD, UT US","    0",",,0,1800","    0",",,0","    0",",,0","  167",",,0","   50",",,0",,,,,"  144",",,0,1800",,,,
"USC00427927","1977-10-15","40.58333","-111.66667","2471.0","SNOWBIRD, UT US","    0",",,0,1800","    0",",,0","    0",",,0","  178",",,0","   67",",,0",,,,,"  150",",,0,1800",,,,
"USC00427927","1977-10-16","40.58333","-111.66667","2471.0","SNOWBIRD, UT US","    0",",,0,1800","    0",",,0","    0",",,0","  172",",,0","   56",",,0",,,,,"  144",",,0,1800",,,,
"USC00427927","1977-10-17","40.58333","-111.66667","2471.0","SNOWBIRD, UT US","    0",",,0,1800","    0",",,0","    0",",,0","  189",",,0","   67",",,0",,,,,"  156",",,0,1800",,,,
"USC00427927","1977-10-18","40.58333","-111.66667","2471.0","SNOWBIRD, UT US","    0",",,0,1800","    0",",,0","    0",",,0","  222",",,0","   39",",,0",,,,,"  161",",,0,1800",,,,
"USC00427927","1977-10-19","40.58333","-111.66667","2471.0","SNOWBIRD, UT US","    0",",,0,1800","    0",",,0","    0",",,0","  161",",,0","   44",",,0",,,,,"  150",",,0,1800",,,,
"USC00427927","1977-10-20","40.58333","-111.66667","2471.0","SNOWBIRD, UT US","   81",",,0,1800","    0",",,0","    0",",,0","  161",",,0","   11",",,0",,,,,"   39",",,0,1800",,,,
"USC00427927","1977-10-21","40.58333","-111.66667","2471.0","SNOWBIRD, UT US","    0",",,0,1800","    0",",,0","    0",",,0","  178",",,0","   44",",,0",,,,,"  150",",,0,1800",,,,
"USC00427927","1977-10-22","40.58333","-111.66667","2471.0","SNOWBIRD, UT US","    0",",,0,1800","    0",",,0","    0",",,0","  189",",,0","   50",",,0",,,,,"  161",",,0,1800",,,,
"USC00427927","1977-10-23","40.58333","-111.66667","2471.0","SNOWBIRD, UT US","    0",",,0,1800","    0",",,0","    0",",,0","  172",",,0","   39",",,0",,,,,"  144",",,0,1800",,,,
"USC00427927","1977-10-24","40.58333","-111.66667","2471.0","SNOWBIRD, UT US","    0",",,0,1800","    0",",,0","    0",",,0","  194",",,0","   61",",,0",,,,,"  167",",,0,1800",,,,
"USC00427927","1977-10-25","40.58333","-111.66667","2471.0","SNOWBIRD, UT US","    0",",,0,1800","    0",",,0","    0",",,0","  167",",,0","   56",",,0",,,,,"  161",",,0,1800",,,,
"USC00427927","1977-10-26","40.58333","-111.66667","2471.0","SNOWBIRD, UT US","    0",",,0,1800","    0",",,0","    0",",,0","  183",",,0","   44",",,0",,,,,"  167",",,0,1800",,,,
"USC00427927","1977-10-27","40.58333","-111.66667","2471.0","SNOWBIRD, UT US","    0",",,0,1800","    0",",,0","    0",",,0","  178",",,0","   39",",,0",,,,,"  156",",,0,1800",,,,
"USC00427927","1977-10-28","40.58333","-111.66667","2471.0","SNOWBIRD, UT US","    0",",,0,1800","    0",",,0","    0",",,0","  156",",,0","    0",",,0",,,,,"  117",",,0,1800",,,,
"USC00427927","1977-10-29","40.58333","-111.66667","2471.0","SNOWBIRD, UT US","   53",",,0,1800","    0","T,,0","    0",",,0","  117",",,0","  -11",",,0",,,,,"   67",",,0,1800",,,,
"USC00427927","1977-10-30","40.58333","-111.66667","2471.0","SNOWBIRD, UT US","    0",",,0,1800","    0",",,0","    0",",,0","   89",",,0","  -22",",,0",,,,,"   44",",,0,1800",,,,
"USC00427927","1977-10-31","40.58333","-111.66667","2471.0","SNOWBIRD, UT US","    0",",,0,1800","    0",",,0","    0",",,0","  122",",,0","  -61",",,0",,,,,"  117",",,0,1800",,,,
"USC00427927","1977-11-01","40.58333","-111.66667","2471.0","SNOWBIRD, UT US","    0",",,0,1800","    0",",,0","    0",",,0","  117",",,0","  -83",",,0",,,,,"   33",",,0,1800",,,,
"USC00427927","1977-11-02","40.58333","-111.66667","2471.0","SNOWBIRD, UT US","    0",",,0,1800","    0",",,0","    0",",,0","  111",",,0","  -28",",,0",,,,,"   89",",,0,1800",,,,
"USC00427927","1977-11-03","40.58333","-111.66667","2471.0","SNOWBIRD, UT US","    0",",,0,1800","    0",",,0","    0",",,0","  128",",,0","   -6",",,0",,,,,"  100",",,0,1800",,,,
"USC00427927","1977-11-04","40.58333","-111.66667","2471.0","SNOWBIRD, UT US","    0",",,0,1800","    0",",,0","    0",",,0","  117",",,0","  -39",",,0",,,,,"   83",",,0,1800",,,,
"USC00427927","1977-11-05","40.58333","-111.66667","2471.0","SNOWBIRD, UT US","    0",",,0,1800","    0",",,0","    0",",,0","   89",",,0","  -39",",,0",,,,,"   67",",,0,1800",,,,
"USC00427927","1977-11-06","40.58333","-111.66667","2471.0","SNOWBIRD, UT US","    0",",,0,1800","    0",",,0","    0",",,0","   83",",,0","  -44",",,0",,,,,"   56",",,0,1800",,,,
"USC00427927","1977-11-07","40.58333","-111.66667","2471.0","SNOWBIRD, UT US","    0",",,0,1800","    0",",,0","    0",",,0","   94",",,0","  -33",",,0",,,,,"    0",",,0,1800",,,,
"USC00427927","1977-11-08","40.58333","-111.66667","2471.0","SNOWBIRD, UT US","    0",",,0,1800","    0",",,0","    0",",,0","   11",",,0"," -117",",,0",,,,,"  -89",",,0,1800",,,,
"USC00427927","1977-11-09","40.58333","-111.66667","2471.0","SNOWBIRD, UT US","    0",",,0,1800","    0",",,0","    0",",,0","    6",",,0"," -128",",,0",,,,,"    0",",,0,1800",,,,
"USC00427927","1977-11-10","40.58333","-111.66667","2471.0","SNOWBIRD, UT US","    0",",,0,1800","    0",",,0","    0",",,0","   89",",,0","  -61",",,0",,,,,"   67",",,0,1800",,,,
"USC00427927","1977-11-11","40.58333","-111.66667","2471.0","SNOWBIRD, UT US","    0",",,0,1800","    0",",,0","    0",",,0","  122",",,0","    0",",,0",,,,,"   89",",,0,1800",,,,
"USC00427927","1977-11-12","40.58333","-111.66667","2471.0","SNOWBIRD, UT US","    0",",,0,1800","    0",",,0","    0",",,0","  111",",,0","  -44",",,0",,,,,"   17",",,0,1800",,,,
"USC00427927","1977-11-13","40.58333","-111.66667","2471.0","SNOWBIRD, UT US","    0",",,0,1800","    0",",,0","    0",",,0","  100",",,0","  -61",",,0",,,,,"    6",",,0,1800",,,,
"USC00427927","1977-11-14","40.58333","-111.66667","2471.0","SNOWBIRD, UT US","    0",",,0,1800","    0",",,0","    0",",,0","  111",",,0","  -44",",,0",,,,,"   17",",,0,1800",,,,
"USC00427927","1977-11-15","40.58333","-111.66667","2471.0","SNOWBIRD, UT US","    0",",,0,1800","    0",",,0","    0",",,0","   50",",,0","  -17",",,0",,,,,"   28",",,0,1800",,,,
"USC00427927","1977-11-16","40.58333","-111.66667","2471.0","SNOWBIRD, UT US","    0",",,0,1800","    0",",,0","    0",",,0",,,,,,,,,,,,,,
"USC00427927","1977-11-17","40.58333","-111.66667","2471.0","SNOWBIRD, UT US","    0",",,0,1800","    0",",,0","    0",",,0",,,,,,,,,,,,,,
"USC00427927","1977-11-18","40.58333","-111.66667","2471.0","SNOWBIRD, UT US","    0",",,0,1800","    0",",,0","    0",",,0","   56",",,0","  -67",",,0",,,,,"   33",",,0,1800",,,,
"USC00427927","1977-11-19","40.58333","-111.66667","2471.0","SNOWBIRD, UT US","    0",",,0,1800","    0",",,0","    0",",,0",,,,,,,,,,,,,,
"USC00427927","1977-11-20","40.58333","-111.66667","2471.0","SNOWBIRD, UT US","    0",",,0,1800","    0",",,0","    0",",,0",,,,,,,,,,,,,,
"USC00427927","1977-11-21","40.58333","-111.66667","2471.0","SNOWBIRD, UT US","   13",",,0,1800","   13",",,0","    0",",,0","   33",",,0"," -117",",,0",,,,,"    6",",,0,1800",,,,
"USC00427927","1977-11-22","40.58333","-111.66667","2471.0","SNOWBIRD, UT US","    0",",,0,1800","    0",",,0","    0",",,0","   28",",,0","  -83",",,0",,,,,"  -56",",,0,1800",,,,
"USC00427927","1977-11-23","40.58333","-111.66667","2471.0","SNOWBIRD, UT US","  178",",,0,1800","  178",",,0","  178",",,0","   11",",,0","  -67",",,0",,,,,"   11",",,0,1800",,,,
"USC00427927","1977-11-24","40.58333","-111.66667","2471.0","SNOWBIRD, UT US","    0",",,0,1800","    0",",,0",,,"   22",",,0","  -78",",,0",,,,,"    6",",,0,1800",,,,
"USC00427927","1977-11-25","40.58333","-111.66667","2471.0","SNOWBIRD, UT US","   56",",,0,1800","    0",",,0",,,"   89",",,0"," -100",",,0",,,,,"   78",",,0,1800",,,,
"USC00427927","1977-11-26","40.58333","-111.66667","2471.0","SNOWBIRD, UT US","    0",",,0,1800","    0",",,0",,,"   78",",,0","  -72",",,0",,,,,"   44",",,0,1800",,,,
"USC00427927","1977-11-27","40.58333","-111.66667","2471.0","SNOWBIRD, UT US","    0",",,0,1800","    0",",,0",,,,,,,,,,,,,,,,
"USC00427927","1977-11-28","40.58333","-111.66667","2471.0","SNOWBIRD, UT US",,,"    0",",,0",,,"   89",",,0","  -67",",,0",,,,,"  -44",",,0,1800",,,,
"USC00427927","1977-11-29","40.58333","-111.66667","2471.0","SNOWBIRD, UT US","   51",",,0,1800","    0",",,0",,,"   17",",,0"," -106",",,0",,,,,"    6",",,0,1800",,,,
"USC00427927","1977-11-30","40.58333","-111.66667","2471.0","SNOWBIRD, UT US",,,"    0",",,0",,,"   11",",,0"," -100",",,0",,,,,"  -39",",,0,1800",,,,
"USC00427927","1977-12-01","40.58333","-111.66667","2471.0","SNOWBIRD, UT US",,,,,,,"  -39",",,0","  -89",",,0",,,,,,,,,,
"USC00427927","1977-12-02","40.58333","-111.66667","2471.0","SNOWBIRD, UT US",,,,,,,"   33",",,0","  -56",",,0",,,,,"   11",",,0,1800",,,,
"USC00427927","1977-12-03","40.58333","-111.66667","2471.0","SNOWBIRD, UT US",,,,,,,"   89",",,0","  -11",",,0",,,,,"    6",",,0,1800",,,,
"USC00427927","1977-12-05","40.58333","-111.66667","2471.0","SNOWBIRD, UT US",,,,,,,"   33",",,0","  -67",",,0",,,,,"  -44",",,0,1800",,,,
"USC00427927","1977-12-06","40.58333","-111.66667","2471.0","SNOWBIRD, UT US",,,,,,,"   56",",,0","  -83",",,0",,,,,"   39",",,0,1800",,,,
"USC00427927","1977-12-08","40.58333","-111.66667","2471.0","SNOWBIRD, UT US",,,,,,,"   44",",,0"," -100",",,0",,,,,"  -39",",,0,1800",,,,
"USC00427927","1977-12-09","40.58333","-111.66667","2471.0","SNOWBIRD, UT US",,,,,,,"   72",",,0","  -94",",,0",,,,,"   44",",,0,1800",,,,
"USC00427927","1977-12-12","40.58333","-111.66667","2471.0","SNOWBIRD, UT US",,,,,,,"  106",",,0","  -83",",,0",,,,,,,,,,
"USC00427927","1977-12-13","40.58333","-111.66667","2471.0","SNOWBIRD, UT US",,,,,,,"  111",",,0","  -83",",,0",,,,,"   17",",,0,1800",,,,
"USC00427927","1977-12-15","40.58333","-111.66667","2471.0","SNOWBIRD, UT US",,,,,,,,,,,,,,,"  -33",",,0,1800",,,,
"USC00427927","1977-12-16","40.58333","-111.66667","2471.0","SNOWBIRD, UT US",,,,,,,,,,,,,,,"  183",",,0,1800",,,,
"USC00427927","1977-12-17","40.58333","-111.66667","2471.0","SNOWBIRD, UT US",,,,,,,,,,,,,,," -106",",,0,1800",,,,
"USC00427927","1977-12-18","40.58333","-111.66667","2471.0","SNOWBIRD, UT US",,,,,,,,,,,,,,," -111",",,0,1800",,,,
"USC00427927","1977-12-19","40.58333","-111.66667","2471.0","SNOWBIRD, UT US",,,,,,,"   -6",",,0"," -161",",,0",,,,," -111",",,0,1800",,,,
"USC00427927","1977-12-20","40.58333","-111.66667","2471.0","SNOWBIRD, UT US",,,,,,,"   11",",,0"," -183",",,0",,,,,"  -83",",,0,1800",,,,
"USC00427927","1977-12-21","40.58333","-111.66667","2471.0","SNOWBIRD, UT US",,,,,,,,,,,,,,,"  -78",",,0,1800",,,,
"USC00427927","1977-12-22","40.58333","-111.66667","2471.0","SNOWBIRD, UT US",,,,,,,,,,,,,,,"  -83",",,0,1800",,,,
"USC00427927","1977-12-23","40.58333","-111.66667","2471.0","SNOWBIRD, UT US",,,,,,,"   22",",,0"," -128",",,0",,,,,"  -11",",,0,1800",,,,
"USC00427927","1977-12-24","40.58333","-111.66667","2471.0","SNOWBIRD, UT US",,,,,,,"   33",",,0"," -139",",,0",,,,,"  -17",",,0,1800",,,,
"USC00427927","1977-12-25","40.58333","-111.66667","2471.0","SNOWBIRD, UT US",,,,,,,"   22",",,0"," -150",",,0",,,,,"  -22",",,0,1800",,,,
"USC00427927","1977-12-26","40.58333","-111.66667","2471.0","SNOWBIRD, UT US",,,,,,,"   22",",,0"," -122",",,0",,,,,"    0",",,0,1800",,,,
"USC00427927","1977-12-27","40.58333","-111.66667","2471.0","SNOWBIRD, UT US",,,,,,,"   22",",,0","  -67",",,0",,,,,"  -22",",,0,1800",,,,
"USC00427927","1977-12-29","40.58333","-111.66667","2471.0","SNOWBIRD, UT US",,,,,,,"   39",",,0"," -122",",,0",,,,,"   -6",",,0,1800",,,,
"USC00427927","1977-12-30","40.58333","-111.66667","2471.0","SNOWBIRD, UT US",,,,,,,"   22",",,0"," -111",",,0",,,,,"    0",",,0,1800","    1",",,0",,
"USC00427927","1977-12-31","40.58333","-111.66667","2471.0","SNOWBIRD, UT US",,,,,,,"    0",",,0"," -156",",,0",,,,,"  -44",",,0,1800",,,,
"USC00427927","1978-01-01","40.58333","-111.66667","2471.0","SNOWBIRD, UT US",,,"    0",",,0"," 1778",",,0",,,,,,,,," -150",",,0,1800",,,,
"USC00427927","1978-01-02","40.58333","-111.66667","2471.0","SNOWBIRD, UT US",,,"    0",",,0"," 1778",",,0",,,,,,,,," -117",",,0,1800",,,,
"USC00427927","1978-01-03","40.58333","-111.66667","2471.0","SNOWBIRD, UT US",,,"    0",",,0"," 1778",",,0","  -44",",,0"," -156",",,0",,,,,"  -44",",,0,1800",,,,
"USC00427927","1978-01-04","40.58333","-111.66667","2471.0","SNOWBIRD, UT US",,,"  229",",,0"," 1956",",,0","   39",",,0","  -44",",,0",,,,,"  -11",",,0,1800",,,,
"USC00427927","1978-01-05","40.58333","-111.66667","2471.0","SNOWBIRD, UT US",,,"  178",",,0"," 2108",",,0",,,,,,,,,"  -61",",,0,1800",,,,
"USC00427927","1978-01-06","40.58333","-111.66667","2471.0","SNOWBIRD, UT US",,,"  229",",,0"," 2210",",,0","  -33",",,0","  -56",",,0",,,,,"  -56",",,0,1800",,,,
"USC00427927","1978-01-07","40.58333","-111.66667","2471.0","SNOWBIRD, UT US",,,"  178",",,0"," 2413",",,0",,,,,,,,," -100",",,0,1800",,,,
"USC00427927","1978-01-08","40.58333","-111.66667","2471.0","SNOWBIRD, UT US",,,"    0",",,0"," 2413",",,0",,,,,,,,,"  -56",",,0,1800",,,,
"USC00427927","1978-01-09","40.58333","-111.66667","2471.0","SNOWBIRD, UT US",,,"    0",",,0"," 2311",",,0","   72",",,0","  -89",",,0",,,,,"   11",",,0,1800",,,,
"USC00427927","1978-01-10","40.58333","-111.66667","2471.0","SNOWBIRD, UT US",,,"   25",",,0"," 2337",",,0","   17",",,0","  -22",",,0",,,,,"  -11",",,0,1800",,,,
"USC00427927","1978-01-11","40.58333","-111.66667","2471.0","SNOWBIRD, UT US",,,"  102",",,0"," 2337",",,0","   -6",",,0"," -128",",,0",,,,,"  -33",",,0,1800",,,,
"USC00427927","1978-01-12","40.58333","-111.66667","2471.0","SNOWBIRD, UT US",,,"  178",",,0"," 2438",",,0",,,,,,,,,"  -72",",,0,1800",,,,
"USC00427927","1978-01-13","40.58333","-111.66667","2471.0","SNOWBIRD, UT US",,,"    0",",,0"," 2438",",,0","   39",",,0","  -94",",,0",,,,,"   11",",,0,1800",,,,
"USC00427927","1978-01-14","40.58333","-111.66667","2471.0","SNOWBIRD, UT US",,,"    0",",,0"," 2388",",,0",,,,,,,,,"  -22",",,0,1800",,,,
"USC00427927","1978-01-15","40.58333","-111.66667","2471.0","SNOWBIRD, UT US",,,"  127",",,0"," 2464",",,0",,,,,,,,,"  -39",",,0,1800",,,,
"USC00427927","1978-01-16","40.58333","-111.66667","2471.0","SNOWBIRD, UT US",,,"  229",",,0"," 2616",",,0",,,,,,,,,"  -83",",,0,1800",,,,
"USC00427927","1978-01-17","40.58333","-111.66667","2471.0","SNOWBIRD, UT US",,,"  203",",,0"," 2692",",,0",,,,,,,,,"  -67",",,0,1800",,,,
"USC00427927","1978-01-18","40.58333","-111.66667","2471.0","SNOWBIRD, UT US",,,"  254",",,0"," 2794",",,0","    6",",,0","  -94",",,0",,,,,"  -22",",,0,1800",,,,
"USC00427927","1978-01-19","40.58333","-111.66667","2471.0","SNOWBIRD, UT US",,,"   25",",,0"," 2794",",,0","   11",",,0","  -67",",,0",,,,,"  -33",",,0,1800",,,,
"USC00427927","1978-01-20","40.58333","-111.66667","2471.0","SNOWBIRD, UT US",,,"   76",",,0"," 2794",",,0","  -22",",,0","  -56",",,0",,,,,"  -50",",,0,1800",,,,
"USC00427927","1978-01-21","40.58333","-111.66667","2471.0","SNOWBIRD, UT US",,,"  102",",,0"," 2845",",,0",,,,,,,,,"  -94",",,0,1800",,,,
"USC00427927","1978-01-22","40.58333","-111.66667","2471.0","SNOWBIRD, UT US",,,"   51",",,0"," 2870",",,0",,,,,,,,," -111",",,0,1800",,,,
"USC00427927","1978-01-23","40.58333","-111.66667","2471.0","SNOWBIRD, UT US",,,"  356",",,0"," 2997",",,0",,,,,,,,," -100",",,0,1800",,,,
"USC00427927","1978-01-24","40.58333","-111.66667","2471.0","SNOWBIRD, UT US",,,"    0",",,0"," 2921",",,0","    0",",,0"," -133",",I,0",,,,," -144",",I,0,1800",,,,
"USC00427927","1978-01-25","40.58333","-111.66667","2471.0","SNOWBIRD, UT US",,,"    0",",,0"," 2845",",,0",,,,,,,,,,,,,,
"USC00427927","1978-01-26","40.58333","-111.66667","2471.0","SNOWBIRD, UT US",,,"    0",",,0"," 2794",",,0","  -28",",,0"," -122",",,0",,,,,"  -72",",,0,1800",,,,
"USC00427927","1978-01-27","40.58333","-111.66667","2471.0","SNOWBIRD, UT US",,,"  305",",,0"," 2997",",,0","    0",",,0"," -100",",,0",,,,,"  -17",",,0,1800",,,,
"USC00427927","1978-01-28","40.58333","-111.66667","2471.0","SNOWBIRD, UT US",,,"    0",",,0"," 2921",",,0","   11",",,0"," -106",",,0",,,,,"  -50",",,0,1800",,,,
"USC00427927","1978-01-29","40.58333","-111.66667","2471.0","SNOWBIRD, UT US",,,"    0",",,0"," 2845",",,0",,,,,,,,,"  -72",",,0,1800",,,,
"USC00427927","1978-01-30","40.58333","-111.66667","2471.0","SNOWBIRD, UT US",,,"    0",",,0"," 2845",",,0",,,,,,,,,"  -94",",,0,1800",,,,
"USC00427927","1978-01-31","40.58333","-111.66667","2471.0","SNOWBIRD, UT US",,,"    0",",,0"," 2794",",,0","   39",",,0","  -89",",,0",,,,,"   11",",,0,1800",,,,
"USC00427927","1978-02-01","40.58333","-111.66667","2471.0","SNOWBIRD, UT US","    5",",,0,1800","   25",",,0"," 2794",",,0","    6",",,0"," -111",",,0",,,,,"  -22",",,0,1800",,,,
"USC00427927","1978-02-02","40.58333","-111.66667","2471.0","SNOWBIRD, UT US","    0",",,0,1800","    0",",,0"," 2743",",,0","   50",",,0","  -89",",,0",,,,,"   -6",",,0,1800",,,,
"USC00427927","1978-02-03","40.58333","-111.66667","2471.0","SNOWBIRD, UT US","    0",",,0,1800","    0",",,0"," 2692",",,0","   56",",,0","  -94",",,0",,,,,"   11",",,0,1800","    1",",,0",,
"USC00427927","1978-02-04","40.58333","-111.66667","2471.0","SNOWBIRD, UT US","    0",",,0,1800","    0",",,0"," 2667",",,0","   44",",,0","  -56",",,0",,,,,,,,,,
"USC00427927","1978-02-05","40.58333","-111.66667","2471.0","SNOWBIRD, UT US","    3",",,0,1800","    0",",,0"," 2642",",,0","   44",",,0","  -22",",,0",,,,,"   17",",,0,1800",,,,
"USC00427927","1978-02-06","40.58333","-111.66667","2471.0","SNOWBIRD, UT US","  137",",,0,1800","  102",",,0"," 2692",",,0",,,,,,,,,"  -44",",,0,1800",,,,
"USC00427927","1978-02-07","40.58333","-111.66667","2471.0","SNOWBIRD, UT US","   25",",,0,1800","   51",",,0"," 2692",",,0","    0",",,0","  -94",",,0",,,,,"  -56",",,0,1800",,,,
"USC00427927","1978-02-08","40.58333","-111.66667","2471.0","SNOWBIRD, UT US","  452",",,0,1800","  229",",,0"," 2743",",,0","  -22",",,0","  -72",",,0",,,,,"  -56",",,0,1800",,,,
"USC00427927","1978-02-09","40.58333","-111.66667","2471.0","SNOWBIRD, UT US","  132",",,0,1800","  102",",,0"," 2743",",,0","  -28",",,0"," -122",",,0",,,,,"  -44",",,0,1800",,,,
"USC00427927","1978-02-10","40.58333","-111.66667","2471.0","SNOWBIRD, UT US","  389",",,0,1800","  432",",,0"," 3099",",,0","  -11",",,0","  -39",",,0",,,,,"  -28",",,0,1800",,,,
"USC00427927","1978-02-11","40.58333","-111.66667","2471.0","SNOWBIRD, UT US","  114",",,0,1800","  229",",,0"," 3175",",,0","  -33",",,0","  -89",",,0",,,,,"  -94",",,0,1800",,,,
"USC00427927","1978-02-12","40.58333","-111.66667","2471.0","SNOWBIRD, UT US","   89",",,0,1800","  152",",,0"," 3251",",,0","  -44",",,0"," -144",",,0",,,,,,,,,,
"USC00427927","1978-02-13","40.58333","-111.66667","2471.0","SNOWBIRD, UT US","   10",",,0,1800","   13",",,0"," 3251",",,0","  -17",",,0","  -72",",,0",,,,,,,,,,
"USC00427927","1978-02-14","40.58333","-111.66667","2471.0","SNOWBIRD, UT US","   64",",,0,1800","    0",",,0"," 3251",",,0","    0",",,0"," -139",",,0",,,,,"  -72",",,0,1800",,,,
"USC00427927","1978-02-15","40.58333","-111.66667","2471.0","SNOWBIRD, UT US","   51",",,0,1800","  127",",,0"," 3327",",,0","  -50",",,0"," -111",",,0",,,,," -111",",,0,1800",,,,
"USC00427927","1978-02-16","40.58333","-111.66667","2471.0","SNOWBIRD, UT US","  165",",,0,1800","  216",",,0"," 3454",",,0","  -78",",,0"," -144",",,0",,,,," -139",",,0,1800",,,,
"USC00427927","1978-02-17","40.58333","-111.66667","2471.0","SNOWBIRD, UT US","   25",",,0,1800","  127",",,0"," 3505",",,0","  -39",",,0"," -150",",,0",,,,,,,,,,
"USC00427927","1978-02-18","40.58333","-111.66667","2471.0","SNOWBIRD, UT US","   23",",,0,1800","   76",",,0"," 3327",",I,0","  -56",",,0"," -183",",,0",,,,," -144",",,0,1800",,,,
"USC00427927","1978-02-19","40.58333","-111.66667","2471.0","SNOWBIRD, UT US","  109",",,0,1800","  203",",I,0"," 3658",",I,0","  -56",",,0"," -183",",,0",,,,," -111",",,0,1800",,,,
"USC00427927","1978-02-20","40.58333","-111.66667","2471.0","SNOWBIRD, UT US","    0","T,,0,1800","   51",",,0"," 3683",",,0","  -22",",,0",,,,,,,"  -72",",,0,1800",,,,
"USC00427927","1978-02-21","40.58333","-111.66667","2471.0","SNOWBIRD, UT US","   25",",,0,1800","   25",",,0"," 3556",",,0","   44",",,0"," -106",",,0",,,,,"  -67",",,0,1800",,,,
"USC00427927","1978-02-22","40.58333","-111.66667","2471.0","SNOWBIRD, UT US","    0",",,0,1800","    0",",,0"," 3505",",,0","   50",",,0","  -83",",,0",,,,,"  -72",",,0,1800",,,,
"USC00427927","1978-02-23","40.58333","-111.66667","2471.0","SNOWBIRD, UT US","    0",",,0,1800","    0",",,0"," 3429",",,0","   61",",,0",,,,,,,"  -61",",,0,1800",,,,
"USC00427927","1978-02-24","40.58333","-111.66667","2471.0","SNOWBIRD, UT US","    0",",,0,1800","    0",",,0"," 3378",",,0","   61",",,0","  -78",",,0",,,,,"  -50",",,0,1800",,,,
"USC00427927","1978-02-25","40.58333","-111.66667","2471.0","SNOWBIRD, UT US","    0",",,0,1800","    0",",,0"," 3327",",,0","   61",",,0","  -56",",,0",,,,,"  -39",",,0,1800",,,,
"USC00427927","1978-02-26","40.58333","-111.66667","2471.0","SNOWBIRD, UT US","   51",",,0,1800","   51",",,0"," 3353",",,0","   44",",,0","  -33",",,0",,,,,"  -39",",,0,1800",,,,
"USC00427927","1978-02-27","40.58333","-111.66667","2471.0","SNOWBIRD, UT US","   25",",,0,1800","    0",",,0"," 3302",",,0","   33",",,0","  -61",",,0",,,,,"  -33",",,0,1800",,,,
"USC00427927","1978-02-28","40.58333","-111.66667","2471.0","SNOWBIRD, UT US","  267",",,0,1800","  229",",,0"," 3531",",,0","   28",",,0"," -133",",,0",,,,," -128",",,0,1800",,,,
"USC00427927","1978-03-01","40.58333","-111.66667","2471.0","SNOWBIRD, UT US","  315",",,0,1800","   51",",,0"," 3556",",,0","    6",",,0"," -128",",,0",,,,,"   -6",",,0,1800",,,,
"USC00427927","1978-03-02","40.58333","-111.66667","2471.0","SNOWBIRD, UT US","  221",",,0,1800","  191",",,0"," 3734",",,0","   17",",,0","  -33",",,0",,,,,"   11",",,0,1800",,,,
"USC00427927","1978-03-03","40.58333","-111.66667","2471.0","SNOWBIRD, UT US","  323",",,0,1800","  203",",,0"," 3886",",,0","   11",",,0","  -22",",,0",,,,,"  -22",",,0,1800",,,,
"USC00427927","1978-03-04","40.58333","-111.66667","2471.0","SNOWBIRD, UT US","  191",",,0,1800","  127",",,0"," 4013",",,0","    6",",,0","  -78",",,0",,,,,"  -11",",,0,1800",,,,
"USC00427927","1978-03-05","40.58333","-111.66667","2471.0","SNOWBIRD, UT US","  401",",,0,1800","  406",",,0"," 4420",",,0","   -6",",,0","  -67",",,0",,,,,"  -28",",,0,1800",,,,
"USC00427927","1978-03-06","40.58333","-111.66667","2471.0","SNOWBIRD, UT US","    0",",,0,1800","    0",",,0"," 4420",",,0","    6",",,0","  -67",",,0",,,,,"  -22",",,0,1800",,,,
"USC00427927","1978-03-07","40.58333","-111.66667","2471.0","SNOWBIRD, UT US","  165",",,0,1800","  152",",,0"," 4420",",,0","    6",",,0"," -111",",,0",,,,,"    0",",,0,1800",,,,
"USC00427927","1978-03-08","40.58333","-111.66667","2471.0","SNOWBIRD, UT US","    0",",,0,1800","    0",",,0"," 4318",",,0","   72",",,0","  -78",",,0",,,,,"   17",",,0,1800",,,,
"USC00427927","1978-03-09","40.58333","-111.66667","2471.0","SNOWBIRD, UT US","    0",",,0,1800","    0",",,0"," 4064",",,0","   22",",,0","  -56",",,0",,,,,"   17",",,0,1800",,,,
"USC00427927","1978-03-10","40.58333","-111.66667","2471.0","SNOWBIRD, UT US","   38",",,0,1800","    0",",,0"," 3912",",,0","   78",",,0","  -83",",,0",,,,,"   28",",,0,1800",,,,
"USC00427927","1978-03-11","40.58333","-111.66667","2471.0","SNOWBIRD, UT US","   25",",,0,1800","    0",",,0"," 3861",",,0","   33",",,0"," -100",",,0",,,,,"    6",",,0,1800",,,,
"USC00427927","1978-03-12","40.58333","-111.66667","2471.0","SNOWBIRD, UT US","  102",",,0,1800","  127",",,0"," 3937",",,0","    6",",,0","  -67",",,0",,,,,"  -28",",,0,1800",,,,
"USC00427927","1978-03-13","40.58333","-111.66667","2471.0","SNOWBIRD, UT US","  216",",,0,1800","  267",",,0"," 4064",",,0","   22",",,0"," -128",",,0",,,,,"   -6",",,0,1800",,,,
"USC00427927","1978-03-14","40.58333","-111.66667","2471.0","SNOWBIRD, UT US","  135",",,0,1800","  152",",,0"," 4191",",,0","   -6",",,0","  -83",",,0",,,,,"  -83",",,0,1800",,,,
"USC00427927","1978-03-15","40.58333","-111.66667","2471.0","SNOWBIRD, UT US","   38",",,0,1800","   76",",,0"," 4216",",,0","   -6",",,0"," -117",",,0",,,,,"  -39",",,0,1800",,,,
"USC00427927","1978-03-16","40.58333","-111.66667","2471.0","SNOWBIRD, UT US","    0",",,0,1800","    0",",,0"," 4064",",,0","   50",",,0"," -117",",,0",,,,,"   33",",,0,1800",,,,
"USC00427927","1978-03-17","40.58333","-111.66667","2471.0","SNOWBIRD, UT US","    0",",,0,1800","    0",",,0"," 3937",",,0","   94",",,0","  -56",",,0",,,,,"   56",",,0,1800",,,,
"USC00427927","1978-03-18","40.58333","-111.66667","2471.0","SNOWBIRD, UT US","    0",",,0,1800","    0",",,0"," 3861",",,0","  100",",,0","  -22",",,0",,,,,"   22",",,0,1800",,,,
"USC00427927","1978-03-19","40.58333","-111.66667","2471.0","SNOWBIRD, UT US","    0",",,0,1800","    0",",,0"," 3810",",,0","   89",",,0","  -28",",,0",,,,,"   22",",,0,1800",,,,
"USC00427927","1978-03-20","40.58333","-111.66667","2471.0","SNOWBIRD, UT US","    0",",,0,1800","    0",",,0"," 3759",",,0","   94",",,0","  -33",",,0",,,,,"   22",",,0,1800",,,,
"USC00427927","1978-03-21","40.58333","-111.66667","2471.0","SNOWBIRD, UT US","    0",",,0,1800","    0",",,0"," 3658",",,0","   89",",,0","  -33",",,0",,,,,"   44",",,0,1800",,,,
"USC00427927","1978-03-22","40.58333","-111.66667","2471.0","SNOWBIRD, UT US","    0","T,,0,1800","    0",",,0"," 3531",",,0","   44",",,0","  -17",",,0",,,,,"   11",",,0,1800",,,,
"USC00427927","1978-03-23","40.58333","-111.66667","2471.0","SNOWBIRD, UT US","    0","T,,0,1800","    0",",,0"," 3378",",,0","   11",",I,0","  -17",",,0",,,,,"   22",",I,0,1800",,,,
"USC00427927","1978-03-24","40.58333","-111.66667","2471.0","SNOWBIRD, UT US","  333",",,0,1800","  203",",,0"," 3505",",,0","   17",",,0","  -83",",,0",,,,,"  -17",",,0,1800",,,,
"USC00427927","1978-03-25","40.58333","-111.66667","2471.0","SNOWBIRD, UT US","    0",",,0,1800","    0",",,0"," 3404",",,0","   72",",,0","  -72",",,0",,,,,"   67",",,0,1800",,,,
"USC00427927","1978-03-26","40.58333","-111.66667","2471.0","SNOWBIRD, UT US","    0",",,0,1800","    0",",,0"," 3302",",,0","  100",",,0","  -39",",,0",,,,,"   83",",,0,1800",,,,
"USC00427927","1978-03-27","40.58333","-111.66667","2471.0","SNOWBIRD, UT US","    0",",,0,1800","    0",",,0"," 3226",",,0","  100",",,0","  -22",",,0",,,,,"   56",",,0,1800",,,,
"USC00427927","1978-03-28","40.58333","-111.66667","2471.0","SNOWBIRD, UT US","    0",",,0,1800","    0",",,0"," 3226",",,0","  111",",,0","  -28",",,0",,,,,"   44",",,0,1800",,,,
"USC00427927","1978-03-29","40.58333","-111.66667","2471.0","SNOWBIRD, UT US","    0",",,0,1800","    0",",,0"," 3226",",,0","  122",",,0","  -11",",,0",,,,,"   56",",,0,1800",,,,
"USC00427927","1978-03-30","40.58333","-111.66667","2471.0","SNOWBIRD, UT US","    0",",,0,1800","    0",",,0"," 3175",",,0","  128",",,0","   -6",",,0",,,,,"  100",",,0,1800",,,,
"USC00427927","1978-03-31","40.58333","-111.66667","2471.0","SNOWBIRD, UT US","    0",",,0,1800","    0",",,0"," 3073",",,0","  106",",,0","    0",",,0",,,,,"   22",",,0,1800",,,,
"USC00427927","1978-04-01","40.58333","-111.66667","2471.0","SNOWBIRD, UT US","  140",",,0,1800","   25",",,0"," 3023",",,0","   33",",,0","  -22",",,0",,,,,"   -6",",,0,1800",,,,
"USC00427927","1978-04-02","40.58333","-111.66667","2471.0","SNOWBIRD, UT US","  312",",,0,1800","   76",",,0"," 3099",",,0","   -6",",,0","  -72",",,0",,,,,"  -39",",,0,1800",,,,
"USC00427927","1978-04-03","40.58333","-111.66667","2471.0","SNOWBIRD, UT US","   51",",,0,1800","  254",",,0"," 3353",",,0","   56",",,0","  -67",",,0",,,,,"   11",",,0,1800",,,,
"USC00427927","1978-04-04","40.58333","-111.66667","2471.0","SNOWBIRD, UT US","    0",",,0,1800","    0",",,0"," 3353",",,0","   44",",,0","  -39",",,0",,,,,"   33",",,0,1800",,,,
"USC00427927","1978-04-05","40.58333","-111.66667","2471.0","SNOWBIRD, UT US","  305",",,0,1800","  229",",,0"," 3581",",,0","   44",",,0","  -22",",,0",,,,,"   17",",,0,1800",,,,
"USC00427927","1978-04-06","40.58333","-111.66667","2471.0","SNOWBIRD, UT US","    0",",,0,1800","    0",",,0"," 3581",",,0","   89",",,0","  -44",",,0",,,,,"   44",",,0,1800",,,,
"USC00427927","1978-04-07","40.58333","-111.66667","2471.0","SNOWBIRD, UT US","   25",",,0,1800","    0",",,0"," 3581",",,0","   72",",,0","  -33",",,0",,,,,"   39",",,0,1800",,,,
"USC00427927","1978-04-08","40.58333","-111.66667","2471.0","SNOWBIRD, UT US","    0",",,0,1800","    0",",,0"," 3581",",,0","   94",",,0","  -78",",,0",,,,,"   67",",,0,1800",,,,
"USC00427927","1978-04-09","40.58333","-111.66667","2471.0","SNOWBIRD, UT US","  102",",,0,1800","  102",",,0"," 3683",",,0","   67",",,0","  -17",",,0",,,,,"   56",",,0,1800",,,,
"USC00427927","1978-04-10","40.58333","-111.66667","2471.0","SNOWBIRD, UT US","    0",",,0,1800","    0",",,0"," 3607",",,0","   83",",,0","  -11",",,0",,,,,"   44",",,0,1800",,,,
"USC00427927","1978-04-11","40.58333","-111.66667","2471.0","SNOWBIRD, UT US","    0",",,0,1800","    0",",,0"," 3607",",,0","  100",",,0","  -22",",,0",,,,,"   28",",,0,1800",,,,
"USC00427927","1978-04-12","40.58333","-111.66667","2471.0","SNOWBIRD, UT US","    0",",,0,1800","    0",",,0"," 3480",",,0","   67",",,0","  -67",",,0",,,,,"   50",",,0,1800",,,,
"USC00427927","1978-04-13","40.58333","-111.66667","2471.0","SNOWBIRD, UT US","    0",",,0,1800","    0",",,0"," 3480",",,0","   56",",,0","  -22",",,0",,,,,"   28",",,0,1800",,,,
"USC00427927","1978-04-14","40.58333","-111.66667","2471.0","SNOWBIRD, UT US","   51",",,0,1800","   25",",,0"," 3505",",,0","   72",",,0","  -11",",,0",,,,,"   39",",,0,1800",,,,
"USC00427927","1978-04-15","40.58333","-111.66667","2471.0","SNOWBIRD, UT US","  127",",,0,1800","    0",",,0"," 3505",",,0","   78",",,0","  -11",",,0",,,,,"   67",",,0,1800",,,,
"USC00427927","1978-04-16","40.58333","-111.66667","2471.0","SNOWBIRD, UT US","    0",",,0,1800","    0",",,0"," 3505",",,0","   67",",,0","  -67",",,0",,,,,"  -28",",,0,1800",,,,
"USC00427927","1978-04-17","40.58333","-111.66667","2471.0","SNOWBIRD, UT US","  340",",,0,1800","  178",",,0"," 3607",",,0","  -28",",,0","  -50",",,0",,,,,"  -44",",,0,1800",,,,
"USC00427927","1978-04-18","40.58333","-111.66667","2471.0","SNOWBIRD, UT US","  152",",,0,1800","   25",",,0"," 3632",",,0","   67",",,0"," -111",",,0",,,,,"   -6",",,0,1800",,,,
"USC00427927","1978-04-19","40.58333","-111.66667","2471.0","SNOWBIRD, UT US","    0",",,0,1800","    0",",,0"," 3581",",,0","   94",",,0","  -44",",,0",,,,,"   83",",,0,1800",,,,
"USC00427927","1978-04-20","40.58333","-111.66667","2471.0","SNOWBIRD, UT US","    0",",,0,1800","    0",",,0"," 3581",",,0","  106",",,0","  -72",",,0",,,,,"   78",",,0,1800",,,,
"USC00427927","1978-04-21","40.58333","-111.66667","2471.0","SNOWBIRD, UT US","  229",",,0,1800","  152",",,0"," 3734",",,0","   78",",,0","  -67",",,0",,,,,"  -50",",,0,1800",,,,
"USC00427927","1978-04-22","40.58333","-111.66667","2471.0","SNOWBIRD, UT US","   13",",,0,1800","  178",",,0"," 3912",",,0","   39",",,0","  -72",",,0",,,,,"   11",",,0,1800",,,,
"USC00427927","1978-04-23","40.58333","-111.66667","2471.0","SNOWBIRD, UT US","    0",",,0,1800","    0",",,0"," 3861",",,0","   78",",,0","  -89",",,0",,,,,"  -67",",,0,1800",,,,
"USC00427927","1978-04-24","40.58333","-111.66667","2471.0","SNOWBIRD, UT US","    0",",,0,1800","    0",",,0"," 3810",",,0","  122",",,0","  -67",",,0",,,,,"   67",",,0,1800",,,,
"USC00427927","1978-04-25","40.58333","-111.66667","2471.0","SNOWBIRD, UT US","    0",",,0,1800","    0",",,0"," 3708",",,0","  100",",,0","    0",",,0",,,,,"   67",",,0,1800",,,,
"USC00427927","1978-04-26","40.58333","-111.66667","2471.0","SNOWBIRD, UT US","  178",",,0,1800","   25",",,0"," 3683",",,0","   67",",,0","   -6",",,0",,,,,"   33",",,0,1800",,,,
"USC00427927","1978-04-27","40.58333","-111.66667","2471.0","SNOWBIRD, UT US","  152",",,0,1800","    0","T,,0"," 3581",",,0","   44",",,0","  -17",",,0",,,,,"   22",",,0,1800",,,,
"USC00427927","1978-04-28","40.58333","-111.66667","2471.0","SNOWBIRD, UT US","   76",",,0,1800","   76",",,0"," 3581",",,0","   61",",,0","  -11",",,0",,,,,"   22",",,0,1800",,,,
"USC00427927","1978-04-29","40.58333","-111.66667","2471.0","SNOWBIRD, UT US","   13",",,0,1800","    0","T,,0"," 3505",",,0","   44",",,0","  -28",",,0",,,,,"   11",",,0,1800",,,,
"USC00427927","1978-04-30","40.58333","-111.66667","2471.0","SNOWBIRD, UT US","  102",",,0,1800","   51",",,0"," 3505",",,0",,,,,,,,,"   33",",,0,1800","    1",",,0",,
"USC00427927","1978-06-01","40.58333","-111.66667","2471.0","SNOWBIRD, UT US","    0",",,0,1800","    0",",,0","    0",",,0","  178",",,0","  128",",,0",,,,,"  172",",,0,1800",,,,
"USC00427927","1978-06-02","40.58333","-111.66667","2471.0","SNOWBIRD, UT US","    0",",,0,1800","    0",",,0","    0",",,0","  178",",,0","  139",",,0",,,,,"  150",",,0,1800",,,,
"USC00427927","1978-06-03","40.58333","-111.66667","2471.0","SNOWBIRD, UT US","    0",",,0,1800","    0",",,0","    0",",,0","  167",",,0","  100",",,0",,,,,"  144",",,0,1800",,,,
"USC00427927","1978-06-04","40.58333","-111.66667","2471.0","SNOWBIRD, UT US","    0",",,0,1800","    0",",,0","    0",",,0","  144",",,0","   61",",,0",,,,,"  111",",,0,1800",,,,
"USC00427927","1978-06-05","40.58333","-111.66667","2471.0","SNOWBIRD, UT US","    0",",,0,1800","    0",",,0","    0",",,0",,,,,,,,,,,,,,
"USC00427927","1978-06-06","40.58333","-111.66667","2471.0","SNOWBIRD, UT US","    0",",,0,1800","    0",",,0","    0",",,0","  189",",,0",,,,,,,"  178",",,0,1800",,,,
"USC00427927","1978-06-07","40.58333","-111.66667","2471.0","SNOWBIRD, UT US","    0",",,0,1800","    0",",,0","    0",",,0",,,,,,,,,,,,,,
"USC00427927","1978-06-08","40.58333","-111.66667","2471.0","SNOWBIRD, UT US","    0",",,0,1800","    0",",,0","    0",",,0",,,,,,,,,,,,,,
"USC00427927","1978-06-09","40.58333","-111.66667","2471.0","SNOWBIRD, UT US","    0",",,0,1800","    0",",,0","    0",",,0","  233",",,0","   78",",,0",,,,,"  211",",,0,1800",,,,
"USC00427927","1978-06-10","40.58333","-111.66667","2471.0","SNOWBIRD, UT US","    0","T,,0,1800","    0",",,0","    0",",,0","  211",",,0","   94",",,0",,,,,"  161",",,0,1800",,,,
"USC00427927","1978-06-11","40.58333","-111.66667","2471.0","SNOWBIRD, UT US","    0",",,0,1800","    0",",,0","    0",",,0","  178",",,0","    6",",,0",,,,,"  139",",,0,1800",,,,
"USC00427927","1978-06-12","40.58333","-111.66667","2471.0","SNOWBIRD, UT US","    0",",,0,1800","    0",",,0","    0",",,0",,,"   11",",,0",,,,,,,,,,
"USC00427927","1978-06-13","40.58333","-111.66667","2471.0","SNOWBIRD, UT US","    0",",,0,1800","    0",",,0","    0",",,0","  256",",,0",,,,,,,"  239",",,0,1800",,,,
"USC00427927","1978-06-14","40.58333","-111.66667","2471.0","SNOWBIRD, UT US","    0",",,0,1800","    0",",,0","    0",",,0",,,,,,,,,,,,,,
"USC00427927","1978-06-15","40.58333","-111.66667","2471.0","SNOWBIRD, UT US","    0",",,0,1800","    0",",,0","    0",",,0","  183",",,0","   94",",,0",,,,,"  172",",,0,1800",,,,
"USC00427927","1978-06-16","40.58333","-111.66667","2471.0","SNOWBIRD, UT US","    0",",,0,1800","    0",",,0","    0",",,0","  178",",,0","   50",",,0",,,,,"  167",",,0,1800",,,,
"USC00427927","1978-06-17","40.58333","-111.66667","2471.0","SNOWBIRD, UT US","    0",",,0,1800","    0",",,0","    0",",,0","  167",",,0","   44",",,0",,,,,"  161",",,0,1800",,,,
"USC00427927","1978-06-18","40.58333","-111.66667","2471.0","SNOWBIRD, UT US","    0",",,0,1800","    0",",,0","    0",",,0","  233",",,0","   17",",,0",,,,,"  200",",,0,1800",,,,
"USC00427927","1978-06-19","40.58333","-111.66667","2471.0","SNOWBIRD, UT US","    0",",,0,1800","    0",",,0","    0",",,0","  228",",,0","   22",",,0",,,,,"  211",",,0,1800",,,,
"USC00427927","1978-06-20","40.58333","-111.66667","2471.0","SNOWBIRD, UT US","    0",",,0,1800","    0",",,0","    0",",,0","  233",",,0","   39",",,0",,,,,"  217",",,0,1800",,,,
"USC00427927","1978-06-21","40.58333","-111.66667","2471.0","SNOWBIRD, UT US","    0",",,0,1800","    0",",,0","    0",",,0","  222",",,0","   50",",,0",,,,,"  217",",,0,1800",,,,
"USC00427927","1978-06-22","40.58333","-111.66667","2471.0","SNOWBIRD, UT US","    0",",,0,1800","    0",",,0","    0",",,0","  244",",,0","   22",",,0",,,,,"  228",",,0,1800",,,,
"USC00427927","1978-06-23","40.58333","-111.66667","2471.0","SNOWBIRD, UT US","    0",",,0,1800","    0",",,0","    0",",,0","  233",",,0","   33",",,0",,,,,"  222",",,0,1800",,,,
"USC00427927","1978-06-24","40.58333","-111.66667","2471.0","SNOWBIRD, UT US","    0",",,0,1800","    0",",,0","    0",",,0","  239",",,0","   56",",,0",,,,,"  228",",,0,1800",,,,
"USC00427927","1978-06-25","40.58333","-111.66667","2471.0","SNOWBIRD, UT US","    0",",,0,1800","    0",",,0","    0",",,0","  228",",,0","   44",",,0",,,,,"  211",",,0,1800",,,,
"USC00427927","1978-06-26","40.58333","-111.66667","2471.0","SNOWBIRD, UT US","    0",",,0,1800","    0",",,0","    0",",,0","  239",",,0","   39",",,0",,,,,"  200",",,0,1800",,,,
"USC00427927","1978-06-27","40.58333","-111.66667","2471.0","SNOWBIRD, UT US","    0",",,0,1800","    0",",,0","    0",",,0","  239",",,0","   67",",,0",,,,,"  222",",,0,1800",,,,
"USC00427927","1978-06-28","40.58333","-111.66667","2471.0","SNOWBIRD, UT US","    0",",,0,1800","    0",",,0","    0",",,0","  233",",,0","  128",",,0",,,,,"  222",",,0,1800",,,,
"USC00427927","1978-06-29","40.58333","-111.66667","2471.0","SNOWBIRD, UT US","    0",",,0,1800","    0",",,0","    0",",,0","  261",",,0","  106",",,0",,,,,"  256",",,0,1800",,,,
"USC00427927","1978-06-30","40.58333","-111.66667","2471.0","SNOWBIRD, UT US","    0",",,0,1800","    0",",,0","    0",",,0","  256",",,0","   94",",,0",,,,,"  244",",,0,1800",,,,
"USC00427927","1978-07-01","40.58333","-111.66667","2471.0","SNOWBIRD, UT US","    0",",,0,1800","    0",",,0","    0",",,0","  261",",,0","   83",",,0",,,,,"  217",",,0,1800",,,,
"USC00427927","1978-07-02","40.58333","-111.66667","2471.0","SNOWBIRD, UT US","    0",",,0,1800","    0",",,0","    0",",,0","  250",",,0","   89",",,0",,,,,"  239",",,0,1800",,,,
"USC00427927","1978-07-03","40.58333","-111.66667","2471.0","SNOWBIRD, UT US","    0",",,0,1800","    0",",,0","    0",",,0","  244",",,0","  111",",,0",,,,,"  206",",,0,1800",,,,
"USC00427927","1978-07-04","40.58333","-111.66667","2471.0","SNOWBIRD, UT US","    0",",,0,1800","    0",",,0","    0",",,0","  233",",,0","   94",",,0",,,,,"  194",",,0,1800",,,,
"USC00427927","1978-07-05","40.58333","-111.66667","2471.0","SNOWBIRD, UT US","    0",",,0,1800","    0",",,0","    0",",,0","  222",",,0","   78",",,0",,,,,"  206",",,0,1800",,,,
"USC00427927","1978-07-06","40.58333","-111.66667","2471.0","SNOWBIRD, UT US","    0",",,0,1800","    0",",,0","    0",",,0","  217",",,0","   67",",,0",,,,,"  194",",,0,1800",,,,
"USC00427927","1978-07-07","40.58333","-111.66667","2471.0","SNOWBIRD, UT US","    0",",,0,1800","    0",",,0","    0",",,0","  244",",,0","  100",",,0",,,,,"  233",",,0,1800",,,,
"USC00427927","1978-07-08","40.58333","-111.66667","2471.0","SNOWBIRD, UT US","    0",",,0,1800","    0",",,0","    0",",,0","  261",",,0","   89",",,0",,,,,"  244",",,0,1800",,,,
"USC00427927","1978-07-09","40.58333","-111.66667","2471.0","SNOWBIRD, UT US","    0",",,0,1800","    0",",,0","    0",",,0","  272",",,0","   94",",,0",,,,,"  261",",,0,1800",,,,
"USC00427927","1978-07-10","40.58333","-111.66667","2471.0","SNOWBIRD, UT US","    0",",,0,1800","    0",",,0","    0",",,0","  278",",,0","  100",",,0",,,,,"  267",",,0,1800",,,,
"USC00427927","1978-07-11","40.58333","-111.66667","2471.0","SNOWBIRD, UT US","    0",",,0,1800","    0",",,0","    0",",,0","  289",",,0","  111",",,0",,,,,"  283",",,0,1800",,,,
"USC00427927","1978-07-12","40.58333","-111.66667","2471.0","SNOWBIRD, UT US","    0",",,0,1800","    0",",,0","    0",",,0","  283",",,0","  106",",,0",,,,,"  272",",,0,1800",,,,
"USC00427927","1978-07-13","40.58333","-111.66667","2471.0","SNOWBIRD, UT US","    0",",,0,1800","    0",",,0","    0",",,0","  294",",,0","  100",",,0",,,,,"  256",",,0,1800",,,,
"USC00427927","1978-07-14","40.58333","-111.66667","2471.0","SNOWBIRD, UT US","    0",",,0,1800","    0",",,0","    0",",,0","  306",",,0","   94",",,0",,,,,"  272",",,0,1800",,,,
"USC00427927","1978-07-15","40.58333","-111.66667","2471.0","SNOWBIRD, UT US","    0",",,0,1800","    0",",,0","    0",",,0","  300",",,0","  100",",,0",,,,,"  283",",,0,1800",,,,
"USC00427927","1978-07-16","40.58333","-111.66667","2471.0","SNOWBIRD, UT US","    0",",,0,1800","    0",",,0","    0",",,0","  306",",,0","   89",",,0",,,,,"  261",",,0,1800",,,,
"USC00427927","1978-07-17","40.58333","-111.66667","2471.0","SNOWBIRD, UT US","    0",",,0,1800","    0",",,0","    0",",,0","  294",",,0","   94",",,0",,,,,"  222",",,0,1800",,,,
"USC00427927","1978-07-18","40.58333","-111.66667","2471.0","SNOWBIRD, UT US","    0",",,0,1800","    0",",,0","    0",",,0","  283",",,0","  100",",,0",,,,,"  256",",,0,1800",,,,
"USC00427927","1978-07-19","40.58333","-111.66667","2471.0","SNOWBIRD, UT US","    0",",,0,1800","    0",",,0","    0",",,0","  272",",,0","   89",",,0",,,,,"  239",",,0,1800",,,,
"USC00427927","1978-07-20","40.58333","-111.66667","2471.0","SNOWBIRD, UT US","    0",",,0,1800","    0",",,0","    0",",,0","  261",",,0","   78",",,0",,,,,"  250",",,0,1800",,,,
"USC00427927","1978-07-21","40.58333","-111.66667","2471.0","SNOWBIRD, UT US","    0",",,0,1800","    0",",,0","    0",",,0","  272",",,0","  100",",,0",,,,,"  256",",,0,1800",,,,
"USC00427927","1978-07-22","40.58333","-111.66667","2471.0","SNOWBIRD, UT US","    0",",,0,1800","    0",",,0","    0",",,0","  283",",,0","   94",",,0",,,,,"  261",",,0,1800",,,,
"USC00427927","1978-07-23","40.58333","-111.66667","2471.0","SNOWBIRD, UT US","    0",",,0,1800","    0",",,0","    0",",,0","  294",",,0","  106",",,0",,,,,"  272",",,0,1800",,,,
"USC00427927","1978-07-24","40.58333","-111.66667","2471.0","SNOWBIRD, UT US","    0",",,0,1800","    0",",,0","    0",",,0","  317",",,0","  111",",,0",,,,,"  283",",,0,1800",,,,
"USC00427927","1978-07-25","40.58333","-111.66667","2471.0","SNOWBIRD, UT US","    0",",,0,1800","    0",",,0","    0",",,0","  294",",,0","   94",",,0",,,,,"  272",",,0,1800",,,,
"USC00427927","1978-07-26","40.58333","-111.66667","2471.0","SNOWBIRD, UT US","    0",",,0,1800","    0",",,0","    0",",,0","  289",",,0","  106",",,0",,,,,"  272",",,0,1800",,,,
"USC00427927","1978-07-27","40.58333","-111.66667","2471.0","SNOWBIRD, UT US","    0",",,0,1800","    0",",,0","    0",",,0","  294",",,0","   83",",,0",,,,,"  283",",,0,1800",,,,
"USC00427927","1978-07-28","40.58333","-111.66667","2471.0","SNOWBIRD, UT US","    0",",,0,1800","    0",",,0","    0",",,0","  306",",,0","  100",",,0",,,,,"  272",",,0,1800",,,,
"USC00427927","1978-07-29","40.58333","-111.66667","2471.0","SNOWBIRD, UT US","    0",",,0,1800","    0",",,0","    0",",,0","  294",",,0","   89",",,0",,,,,"  278",",,0,1800",,,,
"USC00427927","1978-07-30","40.58333","-111.66667","2471.0","SNOWBIRD, UT US","    0",",,0,1800","    0",",,0","    0",",,0","  289",",,0","  100",",,0",,,,,"  261",",,0,1800",,,,
"USC00427927","1978-07-31","40.58333","-111.66667","2471.0","SNOWBIRD, UT US","    0",",,0,1800","    0",",,0","    0",",,0","  283",",,0","  106",",,0",,,,,"  244",",,0,1800",,,,
"USC00427927","1978-08-01","40.58333","-111.66667","2471.0","SNOWBIRD, UT US","    0",",,0,1800","    0",",,0","    0",",,0","  261",",,0","  111",",,0",,,,,"  256",",,0,1800",,,,
"USC00427927","1978-08-02","40.58333","-111.66667","2471.0","SNOWBIRD, UT US","    0",",,0,1800","    0",",,0","    0",",,0","  272",",,0","  117",",,0",,,,,"  244",",,0,1800",,,,
"USC00427927","1978-08-03","40.58333","-111.66667","2471.0","SNOWBIRD, UT US","    0",",,0,1800","    0",",,0","    0",",,0","  261",",,0","   89",",,0",,,,,"  256",",,0,1800",,,,
"USC00427927","1978-08-04","40.58333","-111.66667","2471.0","SNOWBIRD, UT US","    0",",,0,1800","    0",",,0","    0",",,0","  272",",,0","  100",",,0",,,,,"  267",",,0,1800",,,,
"USC00427927","1978-08-05","40.58333","-111.66667","2471.0","SNOWBIRD, UT US","    0",",,0,1800","    0",",,0","    0",",,0","  267",",,0","  100",",,0",,,,,"  256",",,0,1800",,,,
"USC00427927","1978-08-06","40.58333","-111.66667","2471.0","SNOWBIRD, UT US","    0",",,0,1800","    0",",,0","    0",",,0","  278",",,0","  111",",,0",,,,,"  267",",,0,1800",,,,
"USC00427927","1978-08-07","40.58333","-111.66667","2471.0","SNOWBIRD, UT US","    0",",,0,1800","    0",",,0","    0",",,0","  289",",,0","  128",",,0",,,,,"  261",",,0,1800",,,,
"USC00427927","1978-08-08","40.58333","-111.66667","2471.0","SNOWBIRD, UT US","    0",",,0,1800","    0",",,0","    0",",,0","  283",",,0","  122",",,0",,,,,"  278",",,0,1800",,,,
"USC00427927","1978-08-09","40.58333","-111.66667","2471.0","SNOWBIRD, UT US","    0",",,0,1800","    0",",,0","    0",",,0","  283",",,0","  117",",,0",,,,,"  256",",,0,1800",,,,
"USC00427927","1978-08-10","40.58333","-111.66667","2471.0","SNOWBIRD, UT US","    0",",,0,1800","    0",",,0","    0",",,0","  278",",,0","  106",",,0",,,,,"  267",",,0,1800",,,,
"USC00427927","1978-08-11","40.58333","-111.66667","2471.0","SNOWBIRD, UT US",,,"    0",",,0","    0",",,0","  267",",,0","  100",",,0",,,,,"  250",",,0,1800",,,,
"USC00427927","1978-08-12","40.58333","-111.66667","2471.0","SNOWBIRD, UT US",,,"    0",",,0","    0",",,0","  256",",,0","   89",",,0",,,,,"  239",",,0,1800",,,,
"USC00427927","1978-08-13","40.58333","-111.66667","2471.0","SNOWBIRD, UT US",,,"    0",",,0","    0",",,0","  244",",,0","   78",",,0",,,,,"  111",",,0,1800",,,,
"USC00427927","1978-08-14","40.58333","-111.66667","2471.0","SNOWBIRD, UT US",,,"    0",",,0","    0",",,0",,,,,,,,,,,,,,
"USC00427927","1978-08-15","40.58333","-111.66667","2471.0","SNOWBIRD, UT US",,,"    0",",,0","    0",",,0","  178",",,0","    0",",,0","    5",",,0","  201",",,0","   56",",,0,1800",,,,
"USC00427927","1978-08-16","40.58333","-111.66667","2471.0","SNOWBIRD, UT US","    0",",,0,1800","    0",",,0","    0",",,0","  206",",,0","   11",",,0",,,,,"  194",",,0,1800",,,,
"USC00427927","1978-08-17","40.58333","-111.66667","2471.0","SNOWBIRD, UT US","    0",",,0,1800","    0",",,0","    0",",,0","  206",",,0","   17",",,0",,,,,"   72",",,0,1800",,,,
"USC00427927","1978-08-18","40.58333","-111.66667","2471.0","SNOWBIRD, UT US","    0",",,0,1800","    0",",,0","    0",",,0","  128",",,0","    0",",,0",,,,,"  122",",,0,1800",,,,
"USC00427927","1978-08-19","40.58333","-111.66667","2471.0","SNOWBIRD, UT US","    0",",,0,1800","    0",",,0","    0",",,0","  189",",,0","   11",",,0",,,,,"  183",",,0,1800",,,,
"USC00427927","1978-08-20","40.58333","-111.66667","2471.0","SNOWBIRD, UT US","    0",",,0,1800","    0",",,0","    0",",,0","  200",",,0","    6",",,0",,,,,"  189",",,0,1800",,,,
"USC00427927","1978-08-21","40.58333","-111.66667","2471.0","SNOWBIRD, UT US","    0",",,0,1800","    0",",,0","    0",",,0","  211",",,0","   17",",,0",,,,,"  206",",,0,1800",,,,
"USC00427927","1978-08-22","40.58333","-111.66667","2471.0","SNOWBIRD, UT US","    0",",,0,1800","    0",",,0","    0",",,0","  222",",,0","   39",",,0",,,,,"  211",",,0,1800",,,,
"USC00427927","1978-08-23","40.58333","-111.66667","2471.0","SNOWBIRD, UT US","    0",",,0,1800","    0",",,0","    0",",,0","  217",",,0","   56",",,0",,,,,"  206",",,0,1800",,,,
"USC00427927","1978-08-24","40.58333","-111.66667","2471.0","SNOWBIRD, UT US","    0",",,0,1800","    0",",,0","    0",",,0","  256",",,0","   72",",,0",,,,,"  222",",,0,1800",,,,
"USC00427927","1978-08-25","40.58333","-111.66667","2471.0","SNOWBIRD, UT US","    0",",,0,1800","    0",",,0","    0",",,0","  222",",,0","    6",",,0",,,,,"  206",",,0,1800",,,,
"USC00427927","1978-08-26","40.58333","-111.66667","2471.0","SNOWBIRD, UT US","    0",",,0,1800","    0",",,0","    0",",,0","  244",",,0","   17",",,0",,,,,"  211",",,0,1800",,,,
"USC00427927","1978-08-27","40.58333","-111.66667","2471.0","SNOWBIRD, UT US","    0",",,0,1800","    0",",,0","    0",",,0","  228",",,0","   44",",,0",,,,,"  200",",,0,1800",,,,
"USC00427927","1978-08-28","40.58333","-111.66667","2471.0","SNOWBIRD, UT US","    0",",,0,1800","    0",",,0","    0",",,0","  228",",,0","   67",",,0",,,,,"  178",",,0,1800",,,,
"USC00427927","1978-08-29","40.58333","-111.66667","2471.0","SNOWBIRD, UT US","    0",",,0,1800","    0",",,0","    0",",,0","  206",",,0","   67",",,0",,,,,"  200",",,0,1800",,,,
"USC00427927","1978-08-30","40.58333","-111.66667","2471.0","SNOWBIRD, UT US","    0",",,0,1800","    0",",,0","    0",",,0","  244",",,0","   67",",,0",,,,,"  228",",,0,1800",,,,
"USC00427927","1978-08-31","40.58333","-111.66667","2471.0","SNOWBIRD, UT US","    0",",,0,1800","    0",",,0","    0",",,0","  256",",,0","   72",",,0",,,,,"  244",",,0,1800",,,,
"USC00427927","1978-09-01","40.58333","-111.66667","2471.0","SNOWBIRD, UT US","    0",",,0,1800",,,,,"  267",",,0","   61",",,0",,,,,"  244",",,0,1800",,,,
"USC00427927","1978-09-02","40.58333","-111.66667","2471.0","SNOWBIRD, UT US","    0",",,0,1800",,,,,"  256",",,0","   22",",,0",,,,,"  233",",,0,1800",,,,
"USC00427927","1978-09-03","40.58333","-111.66667","2471.0","SNOWBIRD, UT US","    0",",,0,1800",,,,,"  272",",,0","   11",",,0",,,,,"  261",",,0,1800",,,,
"USC00427927","1978-09-04","40.58333","-111.66667","2471.0","SNOWBIRD, UT US","    0",",,0,1800",,,,,"  278",",,0","   28",",,0",,,,,"  267",",,0,1800",,,,
"USC00427927","1978-09-05","40.58333","-111.66667","2471.0","SNOWBIRD, UT US","    0",",,0,1800",,,,,"  300",",,0","   50",",,0",,,,,"  256",",,0,1800",,,,
"USC00427927","1978-09-06","40.58333","-111.66667","2471.0","SNOWBIRD, UT US","    0",",,0,1800",,,,,"  289",",,0","   83",",,0",,,,,"  233",",,0,1800",,,,
"USC00427927","1978-09-07","40.58333","-111.66667","2471.0","SNOWBIRD, UT US","    0",",,0,1800",,,,,"  233",",,0","   61",",,0",,,,,"  183",",,0,1800",,,,
"USC00427927","1978-09-08","40.58333","-111.66667","2471.0","SNOWBIRD, UT US","   13",",,0,1800",,,,,"  239",",,0","   39",",,0",,,,,"  139",",,0,1800",,,,
"USC00427927","1978-09-09","40.58333","-111.66667","2471.0","SNOWBIRD, UT US","    0",",,0,1800",,,,,"  206",",,0","   28",",,0",,,,,"  161",",,0,1800",,,,
"USC00427927","1978-09-10","40.58333","-111.66667","2471.0","SNOWBIRD, UT US","    0",",,0,1800",,,,,"  183",",,0","   17",",,0",,,,,"  117",",,0,1800",,,,
"USC00427927","1978-09-11","40.58333","-111.66667","2471.0","SNOWBIRD, UT US",,,,,,,"  206",",,0","   -6",",,0",,,,,"   67",",,0,1800",,,,
"USC00427927","1978-09-12","40.58333","-111.66667","2471.0","SNOWBIRD, UT US",,,,,,,"   72",",,0","  -11",",,0",,,,,"   61",",,0,1800",,,,
"USC00427927","1978-09-13","40.58333","-111.66667","2471.0","SNOWBIRD, UT US",,,,,,,"  100",",,0","   -6",",,0",,,,,"   89",",,0,1800",,,,
"USC00427927","1978-09-14","40.58333","-111.66667","2471.0","SNOWBIRD, UT US",,,,,,,"  144",",,0","    6",",,0",,,,,"  133",",,0,1800",,,,
"USC00427927","1978-09-15","40.58333","-111.66667","2471.0","SNOWBIRD, UT US",,,,,,,"  161",",,0","    0",",,0",,,,,"  139",",,0,1800",,,,
"USC00427927","1978-09-16","40.58333","-111.66667","2471.0","SNOWBIRD, UT US",,,,,,,"  144",",,0","  -11",",,0",,,,,"  111",",,0,1800",,,,
"USC00427927","1978-09-17","40.58333","-111.66667","2471.0","SNOWBIRD, UT US",,,,,,,"  111",",,0","  -17",",,0",,,,,"   89",",,0,1800",,,,
"USC00427927","1978-09-18","40.58333","-111.66667","2471.0","SNOWBIRD, UT US",,,,,,,"  128",",,0","  -67",",,0",,,,,"   50",",,0,1800",,,,
"USC00427927","1978-09-19","40.58333","-111.66667","2471.0","SNOWBIRD, UT US",,,,,,,"  161",",,0"," -100",",,0",,,,,"   17",",,0,1800",,,,
"USC00427927","1978-09-20","40.58333","-111.66667","2471.0","SNOWBIRD, UT US","    0",",,0,1800",,,,,"   61",",,0","  -94",",,0",,,,,"   50",",,0,1800",,,,
"USC00427927","1978-09-21","40.58333","-111.66667","2471.0","SNOWBIRD, UT US","    0",",,0,1800",,,,,"  133",",,0","  -89",",,0",,,,,"  117",",,0,1800",,,,
"USC00427927","1978-09-22","40.58333","-111.66667","2471.0","SNOWBIRD, UT US","    0",",,0,1800",,,,,"  178",",,0","  -67",",,0",,,,,"  167",",,0,1800",,,,
"USC00427927","1978-09-23","40.58333","-111.66667","2471.0","SNOWBIRD, UT US","    0",",,0,1800",,,,,"  194",",,0","  -56",",,0",,,,,"  161",",,0,1800",,,,
"USC00427927","1978-09-24","40.58333","-111.66667","2471.0","SNOWBIRD, UT US","    0",",,0,1800",,,,,"  206",",,0","  -72",",,0",,,,,"  172",",,0,1800",,,,
"USC00427927","1978-09-25","40.58333","-111.66667","2471.0","SNOWBIRD, UT US","    0",",,0,1800",,,,,"  200",",,0","  -61",",,0",,,,,"  183",",,0,1800",,,,
"USC00427927","1978-09-26","40.58333","-111.66667","2471.0","SNOWBIRD, UT US","    0",",,0,1800",,,,,"  217",",,0","  -50",",,0",,,,,"  189",",,0,1800",,,,
"USC00427927","1978-09-27","40.58333","-111.66667","2471.0","SNOWBIRD, UT US","    0",",,0,1800",,,,,"  211",",,0","    0",",,0",,,,,"  200",",,0,1800",,,,
"USC00427927","1978-09-28","40.58333","-111.66667","2471.0","SNOWBIRD, UT US","    0",",,0,1800",,,,,"  228",",,0","   67",",,0",,,,,"  200",",,0,1800",,,,
"USC00427927","1978-09-29","40.58333","-111.66667","2471.0","SNOWBIRD, UT US","    0",",,0,1800",,,,,"  222",",,0","   78",",,0",,,,,"  206",",,0,1800",,,,
"USC00427927","1978-09-30","40.58333","-111.66667","2471.0","SNOWBIRD, UT US","    0",",,0,1800",,,,,"  228",",,0","   61",",,0",,,,,"  194",",,0,1800",,,,
"USC00427927","1978-10-01","40.58333","-111.66667","2471.0","SNOWBIRD, UT US","    0",",,0,1800","    0",",,0","    0",",,0","  194",",,0","   39",",,0",,,,,"  167",",,0,1800",,,,
"USC00427927","1978-10-02","40.58333","-111.66667","2471.0","SNOWBIRD, UT US","    0",",,0,1800","    0",",,0","    0",",,0","  178",",,0","    6",",,0",,,,,"  156",",,0,1800",,,,
"USC00427927","1978-10-03","40.58333","-111.66667","2471.0","SNOWBIRD, UT US","    0",",,0,1800","    0",",,0","    0",",,0","  161",",,0","  -11",",,0",,,,,"  150",",,0,1800",,,,
"USC00427927","1978-10-04","40.58333","-111.66667","2471.0","SNOWBIRD, UT US","    0",",,0,1800","    0",",,0","    0",",,0","  156",",,0","  -44",",,0",,,,,"  139",",,0,1800",,,,
"USC00427927","1978-10-05","40.58333","-111.66667","2471.0","SNOWBIRD, UT US","    0",",,0,1800","    0",",,0","    0",",,0","  150",",,0","   11",",,0",,,,,"  133",",,0,1800",,,,
"USC00427927","1978-10-06","40.58333","-111.66667","2471.0","SNOWBIRD, UT US","    0",",,0,1800","    0",",,0","    0",",,0","  211",",,0","   28",",,0",,,,,"  172",",,0,1800",,,,
"USC00427927","1978-10-07","40.58333","-111.66667","2471.0","SNOWBIRD, UT US","    0",",,0,1800","    0",",,0","    0",",,0","  217",",,0","   44",",,0",,,,,"  200",",,0,1800",,,,
"USC00427927","1978-10-08","40.58333","-111.66667","2471.0","SNOWBIRD, UT US","    0",",,0,1800","    0",",,0","    0",",,0",,,,,,,,,,,,,,
"USC00427927","1978-10-09","40.58333","-111.66667","2471.0","SNOWBIRD, UT US","    0",",,0,1800","    0",",,0","    0",",,0","  206",",,0","   33",",,0",,,,,"  178",",,0,1800",,,,
"USC00427927","1978-10-10","40.58333","-111.66667","2471.0","SNOWBIRD, UT US","    0",",,0,1800","    0",",,0","    0",",,0","  211",",,0","   50",",,0",,,,,"  200",",,0,1800",,,,
"USC00427927","1978-10-11","40.58333","-111.66667","2471.0","SNOWBIRD, UT US","    0",",,0,1800","    0",",,0","    0",",,0","  206",",,0","   44",",,0",,,,,"  178",",,0,1800",,,,
"USC00427927","1978-10-12","40.58333","-111.66667","2471.0","SNOWBIRD, UT US","    0",",,0,1800","    0",",,0","    0",",,0","  217",",,0","   39",",,0",,,,,"  167",",,0,1800",,,,
"USC00427927","1978-10-13","40.58333","-111.66667","2471.0","SNOWBIRD, UT US","    0",",,0,1800","    0",",,0","    0",",,0","  233",",,0","   61",",,0",,,,,"  178",",,0,1800",,,,
"USC00427927","1978-10-14","40.58333","-111.66667","2471.0","SNOWBIRD, UT US","    0",",,0,1800","    0",",,0","    0",",,0","  222",",,0","   56",",,0",,,,,"  183",",,0,1800",,,,
"USC00427927","1978-10-15","40.58333","-111.66667","2471.0","SNOWBIRD, UT US","    0",",,0,1800","    0",",,0","    0",",,0","  211",",,0","   39",",,0",,,,,"  206",",,0,1800",,,,
"USC00427927","1978-10-16","40.58333","-111.66667","2471.0","SNOWBIRD, UT US","    0",",,0,1800","    0",",,0","    0",",,0","  206",",,0","   11",",,0",,,,,"  189",",,0,1800",,,,
"USC00427927","1978-10-17","40.58333","-111.66667","2471.0","SNOWBIRD, UT US","    0",",,0,1800","    0",",,0","    0",",,0","  189",",,0","    0",",,0",,,,,"  183",",,0,1800",,,,
"USC00427927","1978-10-18","40.58333","-111.66667","2471.0","SNOWBIRD, UT US","    0",",,0,1800","    0",",,0","    0",",,0",,,,,,,,,,,,,,
"USC00427927","1978-10-19","40.58333","-111.66667","2471.0","SNOWBIRD, UT US","    0",",,0,1800","    0",",,0","    0",",,0","  194",",,0","   11",",,0",,,,,"  178",",,0,1800",,,,
"USC00427927","1978-10-20","40.58333","-111.66667","2471.0","SNOWBIRD, UT US","    0",",,0,1800","    0",",,0","    0",",,0","  206",",,0","   50",",,0",,,,,"  194",",,0,1800",,,,
"USC00427927","1978-10-21","40.58333","-111.66667","2471.0","SNOWBIRD, UT US","    0",",,0,1800","    0",",,0","    0",",,0","  194",",,0","   33",",,0",,,,,"  156",",,0,1800",,,,
"USC00427927","1978-10-22","40.58333","-111.66667","2471.0","SNOWBIRD, UT US","    0",",,0,1800","    0",",,0","    0",",,0","  211",",,0","   61",",,0",,,,,"  200",",,0,1800",,,,
"USC00427927","1978-10-23","40.58333","-111.66667","2471.0","SNOWBIRD, UT US","    0",",,0,1800","    0",",,0","    0",",,0","  206",",,0","   72",",,0",,,,,"  172",",,0,1800",,,,
"USC00427927","1978-10-24","40.58333","-111.66667","2471.0","SNOWBIRD, UT US","    0",",,0,1800","    0",",,0","    0",",,0","  172",",,0","   89",",,0",,,,,"  150",",,0,1800",,,,
"USC00427927","1978-10-25","40.58333","-111.66667","2471.0","SNOWBIRD, UT US","    0",",,0,1800","    0",",,0","    0",",,0","  156",",,0","   61",",,0",,,,,"  117",",,0,1800",,,,
"USC00427927","1978-10-26","40.58333","-111.66667","2471.0","SNOWBIRD, UT US","    0",",,0,1800","    0",",,0","    0",",,0","  122",",,0","   39",",,0",,,,,,,,,,
"USC00427927","1978-10-27","40.58333","-111.66667","2471.0","SNOWBIRD, UT US","    0",",,0,1800","    0",",,0","    0",",,0","  106",",,0","   33",",,0",,,,,"  100",",,0,1800",,,,
"USC00427927","1978-10-28","40.58333","-111.66667","2471.0","SNOWBIRD, UT US","    0",",,0,1800","    0",",,0","    0",",,0","  117",",,0","    0",",,0",,,,,"   89",",,0,1800",,,,
"USC00427927","1978-10-29","40.58333","-111.66667","2471.0","SNOWBIRD, UT US","    0",",,0,1800","    0",",,0","    0",",,0","   94",",,0","  -39",",,0",,,,,"   56",",,0,1800",,,,
"USC00427927","1978-10-30","40.58333","-111.66667","2471.0","SNOWBIRD, UT US","    0",",,0,1800","    0",",,0","    0",",,0","   56",",,0","  -50",",,0",,,,,"   44",",,0,1800",,,,
"USC00427927","1978-10-31","40.58333","-111.66667","2471.0","SNOWBIRD, UT US","    0",",,0,1800","    0",",,0","    0",",,0","   50",",,0","  -67",",,0",,,,,"   33",",,0,1800",,,,
"USC00427927","1979-02-01","40.58333","-111.66667","2471.0","SNOWBIRD, UT US","   38",",,0,1800","   51",",,0"," 1930",",,0","  -78",",,0"," -211",",,0",,,,," -122",",,0,1800",,,,
"USC00427927","1979-02-02","40.58333","-111.66667","2471.0","SNOWBIRD, UT US","   56",",,0,1800","   89",",,0"," 1981",",,0","  -89",",,0"," -178",",,0",,,,," -133",",,0,1800",,,,
"USC00427927","1979-02-03","40.58333","-111.66667","2471.0","SNOWBIRD, UT US","    0",",,0,1800","    0",",,0"," 1956",",,0"," -100",",,0"," -222",",,0",,,,," -111",",,0,1800",,,,
"USC00427927","1979-02-04","40.58333","-111.66667","2471.0","SNOWBIRD, UT US","   58",",,0,1800","  127",",,0"," 2057",",,0","  -94",",,0"," -222",",,0",,,,," -100",",,0,1800",,,,
"USC00427927","1979-02-05","40.58333","-111.66667","2471.0","SNOWBIRD, UT US","    0","T,,0,1800","    0","T,,0"," 2007",",,0","  -78",",,0"," -200",",,0",,,,,"  -72",",,0,1800",,,,
"USC00427927","1979-02-06","40.58333","-111.66667","2471.0","SNOWBIRD, UT US","  254",",,0,1800","  254",",,0"," 2159",",,0","  -44",",,0"," -178",",,0",,,,,"  -61",",,0,1800",,,,
"USC00427927","1979-02-07","40.58333","-111.66667","2471.0","SNOWBIRD, UT US","  142",",,0,1800","   89",",,0"," 2184",",,0","  -56",",I,0","  -78",",,0",,,,,"  -44",",I,0,1800",,,,
"USC00427927","1979-02-08","40.58333","-111.66667","2471.0","SNOWBIRD, UT US","   25",",,0,1800","   25",",,0"," 2134",",,0","  -39",",I,0","  -89",",,0",,,,,"  -28",",I,0,1800",,,,
"USC00427927","1979-02-09","40.58333","-111.66667","2471.0","SNOWBIRD, UT US","    0",",,0,1800","    0",",,0"," 2108",",,0","   -6",",,0","  -78",",,0",,,,,"  -39",",,0,1800",,,,
"USC00427927","1979-02-10","40.58333","-111.66667","2471.0","SNOWBIRD, UT US","    0",",,0,1800","    0",",,0"," 2083",",,0","   28",",,0","  -78",",,0",,,,,"  -28",",,0,1800",,,,
"USC00427927","1979-02-11","40.58333","-111.66667","2471.0","SNOWBIRD, UT US","    0",",,0,1800","    0",",,0"," 2057",",,0","   67",",,0","  -78",",,0",,,,,"   -6",",,0,1800",,,,
"USC00427927","1979-02-12","40.58333","-111.66667","2471.0","SNOWBIRD, UT US","    0",",,0,1800","    0",",,0"," 2032",",,0","   50",",,0","  -39",",,0",,,,,"   22",",,0,1800",,,,
"USC00427927","1979-02-13","40.58333","-111.66667","2471.0","SNOWBIRD, UT US","   13",",,0,1800","   13",",,0"," 2007",",,0","   61",",,0","  -39",",,0",,,,,"    6",",,0,1800",,,,
"USC00427927","1979-02-14","40.58333","-111.66667","2471.0","SNOWBIRD, UT US","  300",",,0,1800","  229",",,0"," 2210",",,0","   39",",,0","  -39",",,0",,,,,"  -22",",,0,1800",,,,
"USC00427927","1979-02-15","40.58333","-111.66667","2471.0","SNOWBIRD, UT US","   76",",,0,1800","   76",",,0"," 2235",",,0","    0",",,0","  -78",",,0",,,,,"  -44",",,0,1800",,,,
"USC00427927","1979-02-16","40.58333","-111.66667","2471.0","SNOWBIRD, UT US","    0",",,0,1800","    0",",,0"," 2210",",,0","   -6",",,0"," -139",",,0",,,,,"  -33",",,0,1800",,,,
"USC00427927","1979-02-17","40.58333","-111.66667","2471.0","SNOWBIRD, UT US","   99",",,0,1800","  127",",,0"," 2235",",,0","   -6",",,0","  -50",",,0",,,,,"  -33",",,0,1800",,,,
"USC00427927","1979-02-18","40.58333","-111.66667","2471.0","SNOWBIRD, UT US","    0",",,0,1800","    0",",,0"," 2184",",,0","   11",",,0"," -111",",,0",,,,,"  -22",",,0,1800",,,,
"USC00427927","1979-02-19","40.58333","-111.66667","2471.0","SNOWBIRD, UT US","   99",",,0,1800","  203",",,0"," 2362",",,0","  -28",",,0","  -78",",,0",,,,,"  -50",",,0,1800",,,,
"USC00427927","1979-02-20","40.58333","-111.66667","2471.0","SNOWBIRD, UT US","   58",",,0,1800","   76",",,0"," 2311",",,0","   -6",",,0"," -128",",,0",,,,,"  -56",",,0,1800",,,,
"USC00427927","1979-02-21","40.58333","-111.66667","2471.0","SNOWBIRD, UT US","  236",",,0,1800","  457",",,0"," 2642",",,0","  -44",",,0"," -133",",,0",,,,,"  -78",",,0,1800",,,,
"USC00427927","1979-02-22","40.58333","-111.66667","2471.0","SNOWBIRD, UT US","  170",",,0,1800","  305",",,0"," 2819",",,0","  -67",",,0"," -133",",,0",,,,,"  -78",",,0,1800",,,,
"USC00427927","1979-02-23","40.58333","-111.66667","2471.0","SNOWBIRD, UT US","  170",",,0,1800","  279",",,0"," 2946",",,0","   -6",",,0"," -128",",,0",,,,,"  -67",",,0,1800",,,,
"USC00427927","1979-02-24","40.58333","-111.66667","2471.0","SNOWBIRD, UT US","   91",",,0,1800","  140",",,0","  406",",X,0","   -6",",,0"," -128",",,0",,,,,"  -67",",,0,1800",,,,
"USC00427927","1979-02-25","40.58333","-111.66667","2471.0","SNOWBIRD, UT US","    0",",,0,1800","    0",",,0"," 2642",",X,0","   44",",,0","  -78",",,0",,,,,"    6",",,0,1800",,,,
"USC00427927","1979-02-26","40.58333","-111.66667","2471.0","SNOWBIRD, UT US","    0","T,,0,1800","    0","T,,0"," 2591",",,0","   44",",,0","  -56",",,0",,,,,"  -56",",,0,1800",,,,
"USC00427927","1979-02-27","40.58333","-111.66667","2471.0","SNOWBIRD, UT US","    0",",,0,1800","    0",",,0"," 2540",",,0","  -22",",,0"," -111",",,0",,,,,"  -44",",,0,1800",,,,
"USC00427927","1979-02-28","40.58333","-111.66667","2471.0","SNOWBIRD, UT US","    0",",,0,1800","    0",",,0"," 2540",",,0","   22",",,0"," -100",",,0",,,,,"  -17",",,0,1800",,,,
"USC00427927","1979-03-01","40.58333","-111.66667","2471.0","SNOWBIRD, UT US","   97",",,0,1800","  203",",,0"," 2667",",,0","  -22",",,0"," -100",",,0",,,,,"  -22",",,0,1800",,,,
"USC00427927","1979-03-02","40.58333","-111.66667","2471.0","SNOWBIRD, UT US","  254",",,0,1800","  533",",,0"," 3023",",,0","  -22",",,0"," -178",",,0",,,,," -100",",,0,1800",,,,
"USC00427927","1979-03-03","40.58333","-111.66667","2471.0","SNOWBIRD, UT US","    0",",,0,1800","    0",",,0"," 2769",",,0","  -44",",,0"," -178",",,0",,,,,"  -67",",,0,1800",,,,
"USC00427927","1979-03-04","40.58333","-111.66667","2471.0","SNOWBIRD, UT US","    0","T,,0,1800","    0","T,,0"," 2692",",,0","  -33",",,0"," -122",",,0",,,,,"  -56",",,0,1800",,,,
"USC00427927","1979-03-05","40.58333","-111.66667","2471.0","SNOWBIRD, UT US","    0",",,0,1800","    0",",,0"," 2616",",,0","   22",",,0","  -56",",,0",,,,,"    0",",,0,1800",,,,
"USC00427927","1979-03-06","40.58333","-111.66667","2471.0","SNOWBIRD, UT US","    0",",,0,1800","    0",",,0"," 2540",",,0",,,"  -56",",,0",,,,,"    0",",,0,1800",,,,
"USC00427927","1979-03-07","40.58333","-111.66667","2471.0","SNOWBIRD, UT US","    0",",,0,1800","    0",",,0"," 2438",",,0","   89",",,0","  -22",",,0",,,,,"   33",",,0,1800",,,,
"USC00427927","1979-03-08","40.58333","-111.66667","2471.0","SNOWBIRD, UT US","    0","T,,0,1800","    0","T,,0"," 2337",",,0","   33",",,0","  -83",",,0",,,,,"  -39",",,0,1800",,,,
"USC00427927","1979-03-09","40.58333","-111.66667","2471.0","SNOWBIRD, UT US","    0",",,0,1800","    0",",,0"," 2311",",,0","    0",",,0"," -144",",,0",,,,,"  -39",",,0,1800",,,,
"USC00427927","1979-03-10","40.58333","-111.66667","2471.0","SNOWBIRD, UT US","    0",",,0,1800","    0",",,0"," 2286",",,0","   44",",,0"," -122",",,0",,,,,"   22",",,0,1800",,,,
"USC00427927","1979-03-11","40.58333","-111.66667","2471.0","SNOWBIRD, UT US","    0",",,0,1800","    0",",,0"," 2184",",,0","   83",",,0","  -33",",,0",,,,,"   39",",,0,1800",,,,
"USC00427927","1979-03-12","40.58333","-111.66667","2471.0","SNOWBIRD, UT US","    0",",,0,1800","    0",",,0"," 2159",",,0","   56",",,0","  -67",",,0",,,,,"   11",",,0,1800",,,,
"USC00427927","1979-03-13","40.58333","-111.66667","2471.0","SNOWBIRD, UT US","    0",",,0,1800","    0",",,0"," 2108",",,0","   56",",,0","  -67",",,0",,,,,"   22",",,0,1800",,,,
"USC00427927","1979-03-14","40.58333","-111.66667","2471.0","SNOWBIRD, UT US","    0",",,0,1800","    0",",,0"," 2057",",,0","   56",",,0","  -44",",,0",,,,,"   22",",,0,1800",,,,
"USC00427927","1979-03-15","40.58333","-111.66667","2471.0","SNOWBIRD, UT US","    0",",,0,1800","    0",",,0"," 2032",",,0","   44",",,0","  -56",",,0",,,,,"    0",",,0,1800",,,,
"USC00427927","1979-03-16","40.58333","-111.66667","2471.0","SNOWBIRD, UT US","  104",",,0,1800","   76",",,0"," 2108",",,0","   11",",,0","  -50",",,0",,,,,"  -28",",,0,1800",,,,
"USC00427927","1979-03-17","40.58333","-111.66667","2471.0","SNOWBIRD, UT US","   46",",,0,1800","   51",",,0"," 2108",",,0","   -6",",,0","  -78",",,0",,,,,"  -44",",,0,1800",,,,
"USC00427927","1979-03-18","40.58333","-111.66667","2471.0","SNOWBIRD, UT US","    0","T,,0,1800","    0","T,,0"," 2108",",I,0","  -17",",,0"," -106",",,0",,,,,"  -33",",,0,1800",,,,
"USC00427927","1979-03-19","40.58333","-111.66667","2471.0","SNOWBIRD, UT US","    0",",,0,1800","    0",",I,0"," 2261",",I,0","  -22",",,0","  -39",",,0",,,,,"  -22",",,0,1800",,,,
"USC00427927","1979-03-20","40.58333","-111.66667","2471.0","SNOWBIRD, UT US","   18",",,0,1800","   25",",,0"," 2083",",,0","   11",",,0","  -44",",,0",,,,,"  -11",",,0,1800",,,,
"USC00427927","1979-03-21","40.58333","-111.66667","2471.0","SNOWBIRD, UT US","    0","T,,0,1800","    0","T,,0"," 2083",",,0","   22",",,0","  -33",",,0",,,,,"   -6",",,0,1800",,,,
"USC00427927","1979-03-22","40.58333","-111.66667","2471.0","SNOWBIRD, UT US","   69",",,0,1800","   64",",,0"," 2108",",,0","   11",",,0","  -67",",,0",,,,,"  -11",",,0,1800",,,,
"USC00427927","1979-03-23","40.58333","-111.66667","2471.0","SNOWBIRD, UT US","   28",",,0,1800","   51",",,0"," 2083",",,0","    6",",,0","  -89",",,0",,,,,"  -11",",,0,1800",,,,
"USC00427927","1979-03-24","40.58333","-111.66667","2471.0","SNOWBIRD, UT US","    0",",,0,1800","    0",",,0"," 2007",",,0","   61",",,0","  -72",",,0",,,,,"   50",",I,0,1800",,,,
"USC00427927","1979-03-25","40.58333","-111.66667","2471.0","SNOWBIRD, UT US","    0","T,,0,1800","    0","T,,0"," 1981",",,0","   39",",I,0","  -50",",,0",,,,,"   33",",,0,1800",,,,
"USC00427927","1979-03-26","40.58333","-111.66667","2471.0","SNOWBIRD, UT US","    0",",,0,1800","    0",",,0"," 1981",",,0","   33",",,0","  -56",",,0",,,,,"   -6",",,0,1800",,,,
"USC00427927","1979-03-27","40.58333","-111.66667","2471.0","SNOWBIRD, UT US","  170",",,0,1800","  102",",,0"," 2083",",,0","   17",",,0","  -22",",,0",,,,,"    0",",,0,1800",,,,
"USC00427927","1979-03-28","40.58333","-111.66667","2471.0","SNOWBIRD, UT US","  170",",,0,1800","  102",",,0"," 2083",",,0",,,,,,,,,"    0",",I,0,1800",,,,
"USC00427927","1979-03-29","40.58333","-111.66667","2471.0","SNOWBIRD, UT US","  137",",,0,1800","   76",",,0"," 2108",",,0","  -11",",I,0","  -44",",,0",,,,,,,,,,
"USC00427927","1979-03-30","40.58333","-111.66667","2471.0","SNOWBIRD, UT US","  173",",,0,1800","  178",",,0"," 2311",",,0",,,,,,,,,"  -28",",I,0,1800",,,,
"USC00427927","1979-03-31","40.58333","-111.66667","2471.0","SNOWBIRD, UT US","  127",",,0,1800","  203",",,0"," 2311",",,0","  -39",",I,0","  -94",",,0",,,,,,,,,,
"USC00427927","1979-04-01","40.58333","-111.66667","2471.0","SNOWBIRD, UT US","  193",",,0,1800","  343",",,0"," 2565",",,0","  -22",",,0"," -111",",,0",,,,,"  -72",",,0,1800",,,,
"USC00427927","1979-04-02","40.58333","-111.66667","2471.0","SNOWBIRD, UT US","   51",",,0,1800","   89",",,0"," 2540",",,0","  -11",",,0"," -122",",,0",,,,,,,,,,
"USC00427927","1979-04-03","40.58333","-111.66667","2471.0","SNOWBIRD, UT US","  147",",,0,1800","  241",",,0"," 2692",",,0","  -44",",,0","  -67",",,0",,,,,"  -56",",,0,1800",,,,
"USC00427927","1979-04-04","40.58333","-111.66667","2471.0","SNOWBIRD, UT US","   97",",,0,1800","  152",",,0"," 2718",",,0","    0",",,0","  -67",",,0",,,,,"    0",",,0,1800",,,,
"USC00427927","1979-04-05","40.58333","-111.66667","2471.0","SNOWBIRD, UT US","    0",",,0,1800","    0",",,0"," 2413",",,0","   89",",,0","  -56",",,0",,,,,"   56",",,0,1800",,,,
"USC00427927","1979-04-06","40.58333","-111.66667","2471.0","SNOWBIRD, UT US","    0",",,0,1800","    0",",,0"," 2261",",,0","  106",",,0","  -33",",,0",,,,,"   78",",,0,1800",,,,
"USC00427927","1979-04-07","40.58333","-111.66667","2471.0","SNOWBIRD, UT US","    0",",,0,1800","    0",",,0"," 2159",",,0","   89",",,0","  -33",",,0",,,,,"   61",",,0,1800",,,,
"USC00427927","1979-04-08","40.58333","-111.66667","2471.0","SNOWBIRD, UT US","    0",",,0,1800","    0",",,0"," 2057",",,0","  100",",,0","  -17",",,0",,,,,,,,,,
"USC00427927","1979-04-09","40.58333","-111.66667","2471.0","SNOWBIRD, UT US","   46",",,0,1800","   76",",,0"," 2083",",,0","    6",",,0","  -67",",,0",,,,,,,,,,
"USC00427927","1979-04-10","40.58333","-111.66667","2471.0","SNOWBIRD, UT US","  330",",,0,1800","  457",",,0"," 2489",",,0","  -67",",,0","  -78",",,0",,,,,"  -67",",,0,1800",,,,
"USC00427927","1979-04-11","40.58333","-111.66667","2471.0","SNOWBIRD, UT US","   99",",,0,1800","  178",",,0"," 2438",",,0","  -28",",,0","  -94",",,0",,,,,"  -39",",,0,1800",,,,
"USC00427927","1979-04-12","40.58333","-111.66667","2471.0","SNOWBIRD, UT US","  302",",,0,1800","  419",",,0"," 2743",",,0","  -11",",,0"," -100",",,0",,,,,"  -28",",,0,1800",,,,
"USC00427927","1979-04-13","40.58333","-111.66667","2471.0","SNOWBIRD, UT US","    0",",,0,1800","    0",",,0"," 2540",",,0","   72",",,0","  -67",",,0",,,,,"   56",",,0,1800",,,,
"USC00427927","1979-04-14","40.58333","-111.66667","2471.0","SNOWBIRD, UT US","    0",",,0,1800","    0",",,0"," 2286",",,0","  111",",,0","  -39",",,0",,,,,"   67",",,0,1800",,,,
"USC00427927","1979-04-15","40.58333","-111.66667","2471.0","SNOWBIRD, UT US","    0",",,0,1800","    0",",,0"," 2159",",,0","  128",",,0","   11",",,0",,,,,"  122",",,0,1800",,,,
"USC00427927","1979-04-16","40.58333","-111.66667","2471.0","SNOWBIRD, UT US","    0",",,0,1800","    0",",,0"," 2032",",,0","  122",",,0","   22",",,0",,,,,"  111",",I,0,1800",,,,
"USC00427927","1979-04-17","40.58333","-111.66667","2471.0","SNOWBIRD, UT US","    0",",,0,1800","    0",",,0"," 1956",",,0","  100",",I,0","   33",",,0",,,,,"   78",",,0,1800",,,,
"USC00427927","1979-04-18","40.58333","-111.66667","2471.0","SNOWBIRD, UT US","   15",",,0,1800","   13",",,0"," 1956",",,0","   78",",,0","  -56",",,0",,,,,"  -11",",,0,1800",,,,
"USC00427927","1979-04-19","40.58333","-111.66667","2471.0","SNOWBIRD, UT US","  244",",,0,1800","  305",",,0"," 2159",",,0","    6",",,0","  -94",",,0",,,,,"  -11",",,0,1800",,,,
"USC00427927","1979-04-20","40.58333","-111.66667","2471.0","SNOWBIRD, UT US","    0",",,0,1800","    0",",,0"," 1930",",,0","   56",",,0","  -83",",,0",,,,,"   56",",,0,1800",,,,
"USC00427927","1979-04-21","40.58333","-111.66667","2471.0","SNOWBIRD, UT US","    0",",,0,1800","    0",",,0"," 1905",",,0","  111",",,0","  -11",",,0",,,,,"  111",",,0,1800",,,,
"USC00427927","1979-04-22","40.58333","-111.66667","2471.0","SNOWBIRD, UT US","    0",",,0,1800","    0",",,0"," 1854",",,0","  122",",,0","   17",",,0",,,,,"   94",",,0,1800",,,,
"USC00427927","1979-04-23","40.58333","-111.66667","2471.0","SNOWBIRD, UT US","    0",",,0,1800","    0",",,0"," 1803",",,0","  106",",,0","   -6",",,0",,,,,"  100",",,0,1800",,,,
"USC00427927","1979-04-24","40.58333","-111.66667","2471.0","SNOWBIRD, UT US","    0",",,0,1800","    0",",,0"," 1727",",,0","  100",",,0","  -22",",,0",,,,,"   56",",,0,1800",,,,
"USC00427927","1979-04-25","40.58333","-111.66667","2471.0","SNOWBIRD, UT US","   76",",,0,1800","  114",",,0"," 1600",",,0","   67",",,0","  -61",",,0",,,,,"   50",",,0,1800",,,,
"USC00427927","1979-04-26","40.58333","-111.66667","2471.0","SNOWBIRD, UT US","    0",",,0,1800","    0",",,0"," 1549",",,0","   89",",,0","  -50",",,0",,,,,"   72",",,0,1800",,,,
"USC00427927","1979-04-27","40.58333","-111.66667","2471.0","SNOWBIRD, UT US","    0","T,,0,1800","    0","T,,0"," 1448",",,0","  106",",,0","   -6",",,0",,,,,"   61",",,0,1800",,,,
"USC00427927","1979-04-28","40.58333","-111.66667","2471.0","SNOWBIRD, UT US","    0",",,0,1800","    0",",,0"," 1397",",,0","   94",",,0","    0",",,0",,,,,"   56",",,0,1800",,,,
"USC00427927","1979-04-29","40.58333","-111.66667","2471.0","SNOWBIRD, UT US","    0","T,,0,1800","    0","T,,0"," 1295",",,0","  100",",,0","  -11",",,0",,,,,"   67",",,0,1800",,,,
"USC00427927","1979-04-30","40.58333","-111.66667","2471.0","SNOWBIRD, UT US","    0",",,0,1800","    0",",,0"," 1194",",,0",,,,,,,,,"   78",",,0,1800",,,,
